{
    "Locations": [
        {
            "Name": "Altar",
            "Permission": "",
            "Position": [
                8090.490234375,
                0.0,
                9326.9501953125
            ],
            "Radius": 4.0
        },
        {
            "Name": "Balota",
            "Permission": "",
            "Position": [
                4393.72021484375,
                0.0,
                2412.050048828125
            ],
            "Radius": 4.0
        },
        {
            "Name": "Balota Airstrip",
            "Permission": "",
            "Position": [
                5025.64990234375,
                0.0,
                2363.43994140625
            ],
            "Radius": 4.0
        },
        {
            "Name": "Bashnya",
            "Permission": "",
            "Position": [
                4156.509765625,
                0.0,
                11747.2998046875
            ],
            "Radius": 4.0
        },
        {
            "Name": "Bay Mutnaya",
            "Permission": "",
            "Position": [
                5634.240234375,
                0.0,
                1947.3299560546876
            ],
            "Radius": 4.0
        },
        {
            "Name": "Bay Tikhaya",
            "Permission": "",
            "Position": [
                1190.8299560546876,
                0.0,
                2194.760009765625
            ],
            "Radius": 4.0
        },
        {
            "Name": "Bay Zelenaya",
            "Permission": "",
            "Position": [
                11140.7998046875,
                0.0,
                3090.169921875
            ],
            "Radius": 4.0
        },
        {
            "Name": "Belaya Polana",
            "Permission": "",
            "Position": [
                14148.2001953125,
                0.0,
                15004.2001953125
            ],
            "Radius": 4.0
        },
        {
            "Name": "Berezhki",
            "Permission": "",
            "Position": [
                15152.5,
                0.0,
                13815.7001953125
            ],
            "Radius": 4.0
        },
        {
            "Name": "Berezino",
            "Permission": "",
            "Position": [
                11856.2998046875,
                0.0,
                8991.5400390625
            ],
            "Radius": 4.0
        },
        {
            "Name": "Berezino Lumberyard",
            "Permission": "",
            "Position": [
                12661.2998046875,
                0.0,
                9590.91015625
            ],
            "Radius": 4.0
        },
        {
            "Name": "Berezino Shipyard",
            "Permission": "",
            "Position": [
                13179.0,
                0.0,
                10213.599609375
            ],
            "Radius": 4.0
        },
        {
            "Name": "Black Forest",
            "Permission": "",
            "Position": [
                9083.58984375,
                0.0,
                7555.08984375
            ],
            "Radius": 4.0
        },
        {
            "Name": "Black Lake",
            "Permission": "",
            "Position": [
                13360.7998046875,
                0.0,
                11902.400390625
            ],
            "Radius": 4.0
        },
        {
            "Name": "Black Mtn",
            "Permission": "",
            "Position": [
                10246.2998046875,
                0.0,
                11984.0
            ],
            "Radius": 4.0
        },
        {
            "Name": "Bogatyrka",
            "Permission": "",
            "Position": [
                1504.8499755859376,
                0.0,
                8940.5
            ],
            "Radius": 4.0
        },
        {
            "Name": "Bor",
            "Permission": "",
            "Position": [
                3317.02001953125,
                0.0,
                4014.260009765625
            ],
            "Radius": 4.0
        },
        {
            "Name": "Cap Golova",
            "Permission": "",
            "Position": [
                8350.0703125,
                0.0,
                2443.639892578125
            ],
            "Radius": 4.0
        },
        {
            "Name": "Cernaya Polana",
            "Permission": "",
            "Position": [
                12200.0,
                0.0,
                13666.5
            ],
            "Radius": 4.0
        },
        {
            "Name": "Chernogorsk",
            "Permission": "",
            "Position": [
                6572.89990234375,
                0.0,
                2447.530029296875
            ],
            "Radius": 4.0
        },
        {
            "Name": "Chernogorsk Factory",
            "Permission": "",
            "Position": [
                6406.169921875,
                0.0,
                2710.030029296875
            ],
            "Radius": 4.0
        },
        {
            "Name": "Chyornaya Bay",
            "Permission": "",
            "Position": [
                7706.9599609375,
                0.0,
                3087.25
            ],
            "Radius": 4.0
        },
        {
            "Name": "Crown Castle",
            "Permission": "",
            "Position": [
                1430.0,
                0.0,
                9218.0703125
            ],
            "Radius": 4.0
        },
        {
            "Name": "Deep Lake",
            "Permission": "",
            "Position": [
                1853.3800048828126,
                0.0,
                14860.7998046875
            ],
            "Radius": 4.0
        },
        {
            "Name": "Devil's Castle",
            "Permission": "",
            "Position": [
                6909.759765625,
                0.0,
                11371.5
            ],
            "Radius": 4.0
        },
        {
            "Name": "Dichina Military",
            "Permission": "",
            "Position": [
                4622.18994140625,
                0.0,
                8283.759765625
            ],
            "Radius": 4.0
        },
        {
            "Name": "Dobroe",
            "Permission": "",
            "Position": [
                13096.2998046875,
                0.0,
                14953.2001953125
            ],
            "Radius": 4.0
        },
        {
            "Name": "Dolina",
            "Permission": "",
            "Position": [
                11327.400390625,
                0.0,
                6645.56982421875
            ],
            "Radius": 4.0
        },
        {
            "Name": "Drakon Island",
            "Permission": "",
            "Position": [
                11186.0,
                0.0,
                2491.77001953125
            ],
            "Radius": 4.0
        },
        {
            "Name": "Drozhino",
            "Permission": "",
            "Position": [
                3446.320068359375,
                0.0,
                4929.1201171875
            ],
            "Radius": 4.0
        },
        {
            "Name": "Dubky",
            "Permission": "",
            "Position": [
                6653.58984375,
                0.0,
                3674.469970703125
            ],
            "Radius": 4.0
        },
        {
            "Name": "Dubrovka",
            "Permission": "",
            "Position": [
                10397.599609375,
                0.0,
                9795.5595703125
            ],
            "Radius": 4.0
        },
        {
            "Name": "Dubrovka Vyshnaya",
            "Permission": "",
            "Position": [
                9952.9501953125,
                0.0,
                10392.7998046875
            ],
            "Radius": 4.0
        },
        {
            "Name": "Electrozavodsk",
            "Permission": "",
            "Position": [
                10502.7998046875,
                0.0,
                2336.8798828125
            ],
            "Radius": 4.0
        },
        {
            "Name": "Electrozavodsk Power",
            "Permission": "",
            "Position": [
                10358.099609375,
                0.0,
                2593.85009765625
            ],
            "Radius": 4.0
        },
        {
            "Name": "Electrozavodsk Shipyard",
            "Permission": "",
            "Position": [
                9961.48046875,
                0.0,
                1788.8499755859376
            ],
            "Radius": 4.0
        },
        {
            "Name": "Gnome Castle",
            "Permission": "",
            "Position": [
                7410.93017578125,
                0.0,
                9114.0400390625
            ],
            "Radius": 4.0
        },
        {
            "Name": "Gorka",
            "Permission": "",
            "Position": [
                9646.16015625,
                0.0,
                8810.25
            ],
            "Radius": 4.0
        },
        {
            "Name": "Green Mtn",
            "Permission": "",
            "Position": [
                3744.300048828125,
                0.0,
                6013.14990234375
            ],
            "Radius": 4.0
        },
        {
            "Name": "Grishino",
            "Permission": "",
            "Position": [
                6018.259765625,
                0.0,
                10256.400390625
            ],
            "Radius": 4.0
        },
        {
            "Name": "Grozovoy Pass",
            "Permission": "",
            "Position": [
                3237.300048828125,
                0.0,
                15293.5
            ],
            "Radius": 4.0
        },
        {
            "Name": "Guba",
            "Permission": "",
            "Position": [
                14609.099609375,
                0.0,
                13283.400390625
            ],
            "Radius": 4.0
        },
        {
            "Name": "Guglovo",
            "Permission": "",
            "Position": [
                8411.7998046875,
                0.0,
                6687.8701171875
            ],
            "Radius": 4.0
        },
        {
            "Name": "Gvozdno",
            "Permission": "",
            "Position": [
                8706.3798828125,
                0.0,
                11895.099609375
            ],
            "Radius": 4.0
        },
        {
            "Name": "Kabanino",
            "Permission": "",
            "Position": [
                5298.35009765625,
                0.0,
                8563.759765625
            ],
            "Radius": 4.0
        },
        {
            "Name": "Kamenka",
            "Permission": "",
            "Position": [
                1892.27001953125,
                0.0,
                2155.8701171875
            ],
            "Radius": 4.0
        },
        {
            "Name": "Kamensk",
            "Permission": "",
            "Position": [
                6633.169921875,
                0.0,
                14466.599609375
            ],
            "Radius": 4.0
        },
        {
            "Name": "Kamyshovo",
            "Permission": "",
            "Position": [
                12170.7998046875,
                0.0,
                3447.949951171875
            ],
            "Radius": 4.0
        },
        {
            "Name": "Karmanovka",
            "Permission": "",
            "Position": [
                12519.7998046875,
                0.0,
                14679.5
            ],
            "Radius": 4.0
        },
        {
            "Name": "Khelm",
            "Permission": "",
            "Position": [
                12286.7998046875,
                0.0,
                10794.400390625
            ],
            "Radius": 4.0
        },
        {
            "Name": "Klen Mtn",
            "Permission": "",
            "Position": [
                11491.7001953125,
                0.0,
                11331.2001953125
            ],
            "Radius": 4.0
        },
        {
            "Name": "Komarovo",
            "Permission": "",
            "Position": [
                3619.860107421875,
                0.0,
                2342.530029296875
            ],
            "Radius": 4.0
        },
        {
            "Name": "Kozlova Mtn",
            "Permission": "",
            "Position": [
                8826.9599609375,
                0.0,
                2858.409912109375
            ],
            "Radius": 4.0
        },
        {
            "Name": "Kozlovka",
            "Permission": "",
            "Position": [
                4451.56982421875,
                0.0,
                4577.18017578125
            ],
            "Radius": 4.0
        },
        {
            "Name": "Krasnoe",
            "Permission": "",
            "Position": [
                6486.3701171875,
                0.0,
                14981.900390625
            ],
            "Radius": 4.0
        },
        {
            "Name": "Krasnostav",
            "Permission": "",
            "Position": [
                11228.7998046875,
                0.0,
                12223.2001953125
            ],
            "Radius": 4.0
        },
        {
            "Name": "Krasnostav Airstrip",
            "Permission": "",
            "Position": [
                12016.2001953125,
                0.0,
                12490.099609375
            ],
            "Radius": 4.0
        },
        {
            "Name": "Krutoy Cap",
            "Permission": "",
            "Position": [
                13624.7001953125,
                0.0,
                3892.25
            ],
            "Radius": 4.0
        },
        {
            "Name": "Kumyrna",
            "Permission": "",
            "Position": [
                8403.0498046875,
                0.0,
                6030.64990234375
            ],
            "Radius": 4.0
        },
        {
            "Name": "Lopatino",
            "Permission": "",
            "Position": [
                2749.8701171875,
                0.0,
                9991.7998046875
            ],
            "Radius": 4.0
        },
        {
            "Name": "Mamino",
            "Permission": "",
            "Position": [
                7981.68994140625,
                0.0,
                13057.2998046875
            ],
            "Radius": 4.0
        },
        {
            "Name": "Map Edge NE",
            "Permission": "",
            "Position": [
                15321.2001953125,
                0.0,
                15327.5
            ],
            "Radius": 4.0
        },
        {
            "Name": "Map Edge NW",
            "Permission": "",
            "Position": [
                44.119998931884769,
                0.0,
                15330.900390625
            ],
            "Radius": 4.0
        },
        {
            "Name": "Map Edge SW",
            "Permission": "",
            "Position": [
                19.81999969482422,
                0.0,
                1584.199951171875
            ],
            "Radius": 4.0
        },
        {
            "Name": "Mogilevka",
            "Permission": "",
            "Position": [
                7502.7998046875,
                0.0,
                5237.31982421875
            ],
            "Radius": 4.0
        },
        {
            "Name": "Msta",
            "Permission": "",
            "Position": [
                11258.2998046875,
                0.0,
                5511.27978515625
            ],
            "Radius": 4.0
        },
        {
            "Name": "Myshkino",
            "Permission": "",
            "Position": [
                2056.570068359375,
                0.0,
                7425.2900390625
            ],
            "Radius": 4.0
        },
        {
            "Name": "Myshkino Military",
            "Permission": "",
            "Position": [
                1266.6600341796876,
                0.0,
                7225.990234375
            ],
            "Radius": 4.0
        },
        {
            "Name": "Myshkino Trainyard",
            "Permission": "",
            "Position": [
                885.719970703125,
                0.0,
                7696.2099609375
            ],
            "Radius": 4.0
        },
        {
            "Name": "Nadezhdino",
            "Permission": "",
            "Position": [
                5821.39013671875,
                0.0,
                4764.330078125
            ],
            "Radius": 4.0
        },
        {
            "Name": "Nagornoe",
            "Permission": "",
            "Position": [
                9333.9296875,
                0.0,
                14666.900390625
            ],
            "Radius": 4.0
        },
        {
            "Name": "Nizhnoye",
            "Permission": "",
            "Position": [
                12895.400390625,
                0.0,
                8040.7900390625
            ],
            "Radius": 4.0
        },
        {
            "Name": "Novaya Petrovka",
            "Permission": "",
            "Position": [
                3471.909912109375,
                0.0,
                12988.099609375
            ],
            "Radius": 4.0
        },
        {
            "Name": "Novaya Trainyard",
            "Permission": "",
            "Position": [
                3526.60009765625,
                0.0,
                12579.7001953125
            ],
            "Radius": 4.0
        },
        {
            "Name": "Novodmitrovsk",
            "Permission": "",
            "Position": [
                11595.0,
                0.0,
                14696.5
            ],
            "Radius": 4.0
        },
        {
            "Name": "Novoselky",
            "Permission": "",
            "Position": [
                6052.2900390625,
                0.0,
                3285.590087890625
            ],
            "Radius": 4.0
        },
        {
            "Name": "Novy Sobor",
            "Permission": "",
            "Position": [
                7159.259765625,
                0.0,
                7688.509765625
            ],
            "Radius": 4.0
        },
        {
            "Name": "NW Airfield ATC",
            "Permission": "",
            "Position": [
                4618.2998046875,
                0.0,
                10439.2001953125
            ],
            "Radius": 4.0
        },
        {
            "Name": "NW Airfield Range",
            "Permission": "",
            "Position": [
                5373.2099609375,
                0.0,
                9979.7998046875
            ],
            "Radius": 4.0
        },
        {
            "Name": "NW Airfield South",
            "Permission": "",
            "Position": [
                4520.10986328125,
                0.0,
                9421.259765625
            ],
            "Radius": 4.0
        },
        {
            "Name": "NW Airfield Tents",
            "Permission": "",
            "Position": [
                4163.31005859375,
                0.0,
                11014.2001953125
            ],
            "Radius": 4.0
        },
        {
            "Name": "Olha",
            "Permission": "",
            "Position": [
                13320.900390625,
                0.0,
                12893.0
            ],
            "Radius": 4.0
        },
        {
            "Name": "Oreshka Pass",
            "Permission": "",
            "Position": [
                9877.3896484375,
                0.0,
                6009.259765625
            ],
            "Radius": 4.0
        },
        {
            "Name": "Orlovets",
            "Permission": "",
            "Position": [
                12136.2998046875,
                0.0,
                7281.89013671875
            ],
            "Radius": 4.0
        },
        {
            "Name": "Orlovets Factory",
            "Permission": "",
            "Position": [
                11489.7001953125,
                0.0,
                7592.97998046875
            ],
            "Radius": 4.0
        },
        {
            "Name": "Otmel Island",
            "Permission": "",
            "Position": [
                11642.900390625,
                0.0,
                3095.52001953125
            ],
            "Radius": 4.0
        },
        {
            "Name": "Pavlovo",
            "Permission": "",
            "Position": [
                1626.3699951171876,
                0.0,
                3846.56005859375
            ],
            "Radius": 4.0
        },
        {
            "Name": "Pavlovo Military",
            "Permission": "",
            "Position": [
                2101.77001953125,
                0.0,
                3290.929931640625
            ],
            "Radius": 4.0
        },
        {
            "Name": "Pogorevka",
            "Permission": "",
            "Position": [
                4376.7099609375,
                0.0,
                6413.2099609375
            ],
            "Radius": 4.0
        },
        {
            "Name": "Polana",
            "Permission": "",
            "Position": [
                10678.7001953125,
                0.0,
                8090.18017578125
            ],
            "Radius": 4.0
        },
        {
            "Name": "Polesovo",
            "Permission": "",
            "Position": [
                5817.0,
                0.0,
                13490.0
            ],
            "Radius": 4.0
        },
        {
            "Name": "Prigorodki",
            "Permission": "",
            "Position": [
                7984.89013671875,
                0.0,
                3302.169921875
            ],
            "Radius": 4.0
        },
        {
            "Name": "Prud Lake",
            "Permission": "",
            "Position": [
                6627.33984375,
                0.0,
                9288.0703125
            ],
            "Radius": 4.0
        },
        {
            "Name": "Pulkovo",
            "Permission": "",
            "Position": [
                4902.35986328125,
                0.0,
                5650.64990234375
            ],
            "Radius": 4.0
        },
        {
            "Name": "Pusta",
            "Permission": "",
            "Position": [
                9176.4404296875,
                0.0,
                3858.7099609375
            ],
            "Radius": 4.0
        },
        {
            "Name": "Pustoshka",
            "Permission": "",
            "Position": [
                2992.2099609375,
                0.0,
                7805.5400390625
            ],
            "Radius": 4.0
        },
        {
            "Name": "Ratnoe",
            "Permission": "",
            "Position": [
                6305.5498046875,
                0.0,
                12708.400390625
            ],
            "Radius": 4.0
        },
        {
            "Name": "Rify",
            "Permission": "",
            "Position": [
                13783.2001953125,
                0.0,
                11233.0
            ],
            "Radius": 4.0
        },
        {
            "Name": "Rog Castle",
            "Permission": "",
            "Position": [
                11255.0,
                0.0,
                4293.2900390625
            ],
            "Radius": 4.0
        },
        {
            "Name": "Rogovo",
            "Permission": "",
            "Position": [
                4731.0,
                0.0,
                6775.60986328125
            ],
            "Radius": 4.0
        },
        {
            "Name": "Romashka",
            "Permission": "",
            "Position": [
                8148.5,
                0.0,
                11015.2001953125
            ],
            "Radius": 4.0
        },
        {
            "Name": "Schadenfreude Island",
            "Permission": "",
            "Position": [
                24000.0,
                0.0,
                0.0
            ],
            "Radius": 4.0
        },
        {
            "Name": "Severograd",
            "Permission": "",
            "Position": [
                7893.39990234375,
                0.0,
                12576.2998046875
            ],
            "Radius": 4.0
        },
        {
            "Name": "Shakhovka",
            "Permission": "",
            "Position": [
                9670.7998046875,
                0.0,
                6495.85009765625
            ],
            "Radius": 4.0
        },
        {
            "Name": "Silence Lake",
            "Permission": "",
            "Position": [
                1203.949951171875,
                0.0,
                6507.419921875
            ],
            "Radius": 4.0
        },
        {
            "Name": "Sinystok",
            "Permission": "",
            "Position": [
                1447.489990234375,
                0.0,
                11924.2001953125
            ],
            "Radius": 4.0
        },
        {
            "Name": "Skalisty Castle",
            "Permission": "",
            "Position": [
                13494.0,
                0.0,
                3254.9599609375
            ],
            "Radius": 4.0
        },
        {
            "Name": "Skalisty Island",
            "Permission": "",
            "Position": [
                13661.2001953125,
                0.0,
                2960.3798828125
            ],
            "Radius": 4.0
        },
        {
            "Name": "Skvsch Biathlon Arena",
            "Permission": "",
            "Position": [
                488.57000732421877,
                0.0,
                11118.7001953125
            ],
            "Radius": 4.0
        },
        {
            "Name": "Smirnovo",
            "Permission": "",
            "Position": [
                11629.2998046875,
                0.0,
                15023.099609375
            ],
            "Radius": 4.0
        },
        {
            "Name": "Solnichniy",
            "Permission": "",
            "Position": [
                13469.099609375,
                0.0,
                6239.0
            ],
            "Radius": 4.0
        },
        {
            "Name": "Solnichniy Factory",
            "Permission": "",
            "Position": [
                13069.599609375,
                0.0,
                7161.33984375
            ],
            "Radius": 4.0
        },
        {
            "Name": "Sosnovka",
            "Permission": "",
            "Position": [
                2512.530029296875,
                0.0,
                6371.41015625
            ],
            "Radius": 4.0
        },
        {
            "Name": "Sosnovy Pass",
            "Permission": "",
            "Position": [
                2736.1298828125,
                0.0,
                6757.3798828125
            ],
            "Radius": 4.0
        },
        {
            "Name": "Staroye",
            "Permission": "",
            "Position": [
                10164.2001953125,
                0.0,
                5460.93017578125
            ],
            "Radius": 4.0
        },
        {
            "Name": "Stary Sobor",
            "Permission": "",
            "Position": [
                6072.64013671875,
                0.0,
                7748.56005859375
            ],
            "Radius": 4.0
        },
        {
            "Name": "Stary Yar",
            "Permission": "",
            "Position": [
                4935.60986328125,
                0.0,
                15068.0
            ],
            "Radius": 4.0
        },
        {
            "Name": "Storozh Island (Prison)",
            "Permission": "",
            "Position": [
                2611.199951171875,
                0.0,
                1306.1500244140626
            ],
            "Radius": 4.0
        },
        {
            "Name": "Svergino",
            "Permission": "",
            "Position": [
                9533.2001953125,
                0.0,
                13728.400390625
            ],
            "Radius": 4.0
        },
        {
            "Name": "Svetlojarsk",
            "Permission": "",
            "Position": [
                13931.900390625,
                0.0,
                13231.400390625
            ],
            "Radius": 4.0
        },
        {
            "Name": "Three Crosses Gas",
            "Permission": "",
            "Position": [
                312.94000244140627,
                0.0,
                9362.4404296875
            ],
            "Radius": 4.0
        },
        {
            "Name": "Three Valleys",
            "Permission": "",
            "Position": [
                12842.099609375,
                0.0,
                5500.330078125
            ],
            "Radius": 4.0
        },
        {
            "Name": "Tisy",
            "Permission": "",
            "Position": [
                3413.75,
                0.0,
                14810.2998046875
            ],
            "Radius": 4.0
        },
        {
            "Name": "Tisy Military",
            "Permission": "",
            "Position": [
                1681.300048828125,
                0.0,
                14116.599609375
            ],
            "Radius": 4.0
        },
        {
            "Name": "Topolka Dam",
            "Permission": "",
            "Position": [
                10280.5,
                0.0,
                3507.5
            ],
            "Radius": 4.0
        },
        {
            "Name": "Topolniki",
            "Permission": "",
            "Position": [
                2821.18994140625,
                0.0,
                12366.5
            ],
            "Radius": 4.0
        },
        {
            "Name": "Troitskoe",
            "Permission": "",
            "Position": [
                7559.43994140625,
                0.0,
                13515.900390625
            ],
            "Radius": 4.0
        },
        {
            "Name": "Troitskoe Military",
            "Permission": "",
            "Position": [
                7866.39990234375,
                0.0,
                14676.099609375
            ],
            "Radius": 4.0
        },
        {
            "Name": "Tulga",
            "Permission": "",
            "Position": [
                12808.7001953125,
                0.0,
                4457.1298828125
            ],
            "Radius": 4.0
        },
        {
            "Name": "Turovo",
            "Permission": "",
            "Position": [
                13576.5,
                0.0,
                14128.599609375
            ],
            "Radius": 4.0
        },
        {
            "Name": "Vavilovo",
            "Permission": "",
            "Position": [
                2211.830078125,
                0.0,
                11016.400390625
            ],
            "Radius": 4.0
        },
        {
            "Name": "Veresnik Mtn",
            "Permission": "",
            "Position": [
                4439.419921875,
                0.0,
                8078.14013671875
            ],
            "Radius": 4.0
        },
        {
            "Name": "Vybor",
            "Permission": "",
            "Position": [
                3800.0,
                0.0,
                8844.25
            ],
            "Radius": 4.0
        },
        {
            "Name": "Vyshnoye",
            "Permission": "",
            "Position": [
                6532.60986328125,
                0.0,
                6090.52978515625
            ],
            "Radius": 4.0
        },
        {
            "Name": "Vysotovo",
            "Permission": "",
            "Position": [
                5616.259765625,
                0.0,
                2561.77001953125
            ],
            "Radius": 4.0
        },
        {
            "Name": "Willow Lake",
            "Permission": "",
            "Position": [
                13254.2001953125,
                0.0,
                11607.7998046875
            ],
            "Radius": 4.0
        },
        {
            "Name": "Zabolotye",
            "Permission": "",
            "Position": [
                1156.260009765625,
                0.0,
                10006.2001953125
            ],
            "Radius": 4.0
        },
        {
            "Name": "Zaprudnoe",
            "Permission": "",
            "Position": [
                4927.47021484375,
                0.0,
                13027.2001953125
            ],
            "Radius": 4.0
        },
        {
            "Name": "Zelenogorsk",
            "Permission": "",
            "Position": [
                2713.39990234375,
                0.0,
                5391.75
            ],
            "Radius": 4.0
        },
        {
            "Name": "Zelenogorsk Trainyard",
            "Permission": "",
            "Position": [
                2490.64990234375,
                0.0,
                5151.759765625
            ],
            "Radius": 4.0
        },
        {
            "Name": "Zub Castle",
            "Permission": "",
            "Position": [
                6541.7900390625,
                0.0,
                5591.68994140625
            ],
            "Radius": 4.0
        },
        {
            "Name": "Zvir",
            "Permission": "",
            "Position": [
                477.3500061035156,
                0.0,
                5202.97998046875
            ],
            "Radius": 4.0
        }
    ]
}