{
    "RequiredProtection": 6,
    "TZListSlotProtection": [
        {
            "SlotName": "Mask",
            "ListProtections": [
                {
                    "ClotheName": "GP5GasMask",
                    "Protection": 0
                },
                {
                    "ClotheName": "AirborneMask",
                    "Protection": 0
                },
                {
                    "ClotheName": "GasMask",
                    "Protection": 0
                },
                {
                    "ClotheName": "ToxicZoneGP5GasMask_black",
                    "Protection": 0
                },
                {
                    "ClotheName": "ToxicZoneGP5GasMask_green",
                    "Protection": 0
                }
            ]
        },
        {
            "SlotName": "Headgear",
            "ListProtections": [
                {
                    "ClotheName": "NBCHoodBase",
                    "Protection": 1
                },
				{
                    "ClotheName": "ToxicZoneSuits_Hood_black",
                    "Protection": 1
                },
				{
                    "ClotheName": "ToxicZoneSuits_Hood_green",
                    "Protection": 1
                },
				{
                    "ClotheName": "ToxicZoneSuits_Hood_yellow",
                    "Protection": 1
                },
				{
                    "ClotheName": "MSFC_NBC_Hood_SURPATDesert",
                    "Protection": 1
                },
				{
                    "ClotheName": "MSFC_NBC_Hood_SURPAT",
                    "Protection": 1
                },
				{
                    "ClotheName": "MSFC_NBC_Hood_MulticamTropic",
                    "Protection": 1
                },
				{
                    "ClotheName": "MSFC_NBC_Hood_MulticamSnow",
                    "Protection": 1
                },
				{
                    "ClotheName": "MSFC_NBC_Hood_MulticamBlack",
                    "Protection": 1
                },
				{
                    "ClotheName": "MSFC_NBC_Hood_Multicam",
                    "Protection": 1
                },
				{
                    "ClotheName": "MSFC_NBC_Hood_ATACSFG",
                    "Protection": 1
                },
				{
                    "ClotheName": "MSFC_NBC_Hood_ATACSAU",
                    "Protection": 1
                }
            ]
        },
        {
            "SlotName": "Body",
            "ListProtections": [
                {
                    "ClotheName": "NBCJacketBase",
                    "Protection": 1
                },
				{
                    "ClotheName": "ToxicZoneSuits_Jacket_yellow",
                    "Protection": 1
                },
				{
                    "ClotheName": "ToxicZoneSuits_Jacket_green",
                    "Protection": 1
                },
				{
                    "ClotheName": "ToxicZoneSuits_Jacket_black",
                    "Protection": 1
                },
				{
                    "ClotheName": "MSFC_NBC_Jacket_SURPATDesert",
                    "Protection": 1
                },
				{
                    "ClotheName": "MSFC_NBC_Jacket_SURPAT",
                    "Protection": 1
                },
				{
                    "ClotheName": "MSFC_NBC_Jacket_MulticamTropic",
                    "Protection": 1
                },
				{
                    "ClotheName": "MSFC_NBC_Jacket_MulticamSnow",
                    "Protection": 1
                },
				{
                    "ClotheName": "MSFC_NBC_Jacket_MulticamBlack",
                    "Protection": 1
                },
				{
                    "ClotheName": "MSFC_NBC_Jacket_Multicam",
                    "Protection": 1
                },
				{
                    "ClotheName": "MSFC_NBC_Jacket_ATACSFG",
                    "Protection": 1
                },
				{
                    "ClotheName": "MSFC_NBC_Jacket_ATACSAU",
                    "Protection": 1
                }
            ]
        },
        {
            "SlotName": "Gloves",
            "ListProtections": [
                {
                    "ClotheName": "NBCGloves_ColorBase",
                    "Protection": 1
                },
				{
                    "ClotheName": "ToxicZoneSuits_Gloves_black",
                    "Protection": 1
                },
				{
                    "ClotheName": "ToxicZoneSuits_Gloves_green",
                    "Protection": 1
                },
				{
                    "ClotheName": "ToxicZoneSuits_Gloves_yellow",
                    "Protection": 1
                },
				{
                    "ClotheName": "MSFC_NBC_Gloves_SURPATDesert",
                    "Protection": 1
                },
				{
                    "ClotheName": "MSFC_NBC_Gloves_SURPAT",
                    "Protection": 1
                },
				{
                    "ClotheName": "MSFC_NBC_Gloves_MulticamTropic",
                    "Protection": 1
                },
				{
                    "ClotheName": "MSFC_NBC_Gloves_MulticamSnow",
                    "Protection": 1
                },
				{
                    "ClotheName": "MSFC_NBC_Gloves_MulticamBlack",
                    "Protection": 1
                },
				{
                    "ClotheName": "MSFC_NBC_Gloves_Multicam",
                    "Protection": 1
                },
				{
                    "ClotheName": "MSFC_NBC_Gloves_ATACSFG",
                    "Protection": 1
                },
				{
                    "ClotheName": "MSFC_NBC_Gloves_ATACSAU",
                    "Protection": 1
                }
            ]
        },
        {
            "SlotName": "Legs",
            "ListProtections": [
                {
                    "ClotheName": "NBCPantsBase",
                    "Protection": 1
                },
				{
                    "ClotheName": "ToxicZoneSuits_Pants_yellow",
                    "Protection": 1
                },
				{
                    "ClotheName": "ToxicZoneSuits_Pants_green",
                    "Protection": 1
                },
				{
                    "ClotheName": "ToxicZoneSuits_Pants_black",
                    "Protection": 1
                },
				{
                    "ClotheName": "MSFC_NBC_Pants_SURPATDesert",
                    "Protection": 1
                },
				{
                    "ClotheName": "MSFC_NBC_Pants_SURPAT",
                    "Protection": 1
                },
				{
                    "ClotheName": "MSFC_NBC_Pants_MulticamTropic",
                    "Protection": 1
                },
				{
                    "ClotheName": "MSFC_NBC_Pants_MulticamSnow",
                    "Protection": 1
                },
				{
                    "ClotheName": "MSFC_NBC_Pants_MulticamBlack",
                    "Protection": 1
                },
				{
                    "ClotheName": "MSFC_NBC_Pants_Multicam",
                    "Protection": 1
                },
				{
                    "ClotheName": "MSFC_NBC_Pants_ATACSFG",
                    "Protection": 1
                },
				{
                    "ClotheName": "MSFC_NBC_Pants_ATACSAU",
                    "Protection": 1
                }
            ]
        },
        {
            "SlotName": "Feet",
            "ListProtections": [
                {
                    "ClotheName": "NBCBootsBase",
                    "Protection": 1
                },
				{
                    "ClotheName": "ToxicZoneSuits_Boots_yellow",
                    "Protection": 1
                },
				{
                    "ClotheName": "ToxicZoneSuits_Boots_green",
                    "Protection": 1
                },
				{
                    "ClotheName": "ToxicZoneSuits_Boots_black",
                    "Protection": 1
                },
				{
                    "ClotheName": "MSFC_NBC_Boots_SURPATDesert",
                    "Protection": 1
                },
				{
                    "ClotheName": "MSFC_NBC_Boots_SURPAT",
                    "Protection": 1
                },
				{
                    "ClotheName": "MSFC_NBC_Boots_MulticamTropic",
                    "Protection": 1
                },
				{
                    "ClotheName": "MSFC_NBC_Boots_MulticamSnow",
                    "Protection": 1
                },
				{
                    "ClotheName": "MSFC_NBC_Boots_MulticamBlack",
                    "Protection": 1
                },
				{
                    "ClotheName": "MSFC_NBC_Boots_Multicam",
                    "Protection": 1
                },
				{
                    "ClotheName": "MSFC_NBC_Boots_ATACSFG",
                    "Protection": 1
                },
				{
                    "ClotheName": "MSFC_NBC_Boots_ATACSAU",
                    "Protection": 1
                }
            ]
        }
    ]
}