{
    "IsMovingZoneActive": 0,
    "MovingToxicAreaLocation": [
        {
            "MovingToxicZoneStatut": "ZelenToNovy",
            "IsMsgActive": 1,
            "MsgEnterZone": "You're in a moving toxiczone !",
            "MsgExitZone": "You're leaving a moving toxiczone !",
            "StartX": 2000.0,
            "StartY": 5000.0,
            "EndX": 7442.0,
            "EndY": 8330.0,
            "Radius": 170.0,
            "Coeff": 0.6119070053100586,
            "YtoOrigin": 3776.18994140625,
            "Chance": 0.25,
            "Speed": 30,
            "Norme": 6379,
            "NbSickGiven": 50,
            "IsOnlyGasMask": 1,
            "ParticleName": "GreenSmokeLong"
        }
    ],
    "AdminUID": [
        "76561198124852820"
    ]
}