{
    "IsToxicZoneActive": 1,
    "StaticToxicAreaLocation": [
        {
            "ToxicZoneStatut": "TZKamensk",
            "X": 7890.0,
            "Y": 14697.0,
            "Radius": 300.0,
            "X1": -1.0,
            "Y1": -1.0,
            "X2": -1.0,
            "Y2": -1.0,
            "IsSquareZone": 0,
            "IsMsgActive": 1,
            "MsgEnterZone": "YOU ARE IN A TOXIC AREA!",
            "MsgExitZone": "YOU LEFT THE TOXIC AREA!",
            "IsOnlyGasMask": 0,
            "IsLootActive": 1,
            "ContainerName": "ToxicCase",
            "NumbCratePerTime": 2,
            "MaxLoot": 8,
            "ParticlesPosition": [
                {
                    "NName": "GreenSmoke",
                    "PPos": [
                        8010.0,
                        0.0,
                        14625.0
                    ]
                },
                {
                    "NName": "GreenSmoke",
                    "PPos": [
                        7794.0,
                        0.0,
                        14788.0
                    ]
                },
                {
                    "NName": "GreenSmoke",
                    "PPos": [
                        7871.0,
                        0.0,
                        14700.0
                    ]
                },
                {
                    "NName": "GreenSmoke",
                    "PPos": [
                        7691.0,
                        0.0,
                        14855.0
                    ]
                },
                {
                    "NName": "GreenSmoke",
                    "PPos": [
                        7904.0,
                        0.0,
                        14585.0
                    ]
                },
                {
                    "NName": "GreenSmoke",
                    "PPos": [
                        7814.0,
                        0.0,
                        14542.0
                    ]
                },
                {
                    "NName": "GreenSmoke",
                    "PPos": [
                        7766.0,
                        0.0,
                        14639.0
                    ]
                },
                {
                    "NName": "GreenSmoke",
                    "PPos": [
                        7725.0,
                        0.0,
                        14706.0
                    ]
                },
                {
                    "NName": "GreenSmoke",
                    "PPos": [
                        8019.0,
                        0.0,
                        14758.0
                    ]
                },
                {
                    "NName": "GreenSmoke",
                    "PPos": [
                        7644.0,
                        0.0,
                        14750.0
                    ]
                },
                {
                    "NName": "GreenSmoke",
                    "PPos": [
                        7910.0,
                        0.0,
                        14724.0
                    ]
                },
                {
                    "NName": "GreenSmoke",
                    "PPos": [
                        7916.0,
                        0.0,
                        14627.0
                    ]
                },
                {
                    "NName": "GreenSmoke",
                    "PPos": [
                        8115.0,
                        0.0,
                        14563.0
                    ]
                },
                {
                    "NName": "GreenSmoke",
                    "PPos": [
                        8161.0,
                        0.0,
                        14706.0
                    ]
                },
                {
                    "NName": "GreenSmoke",
                    "PPos": [
                        8003.0,
                        0.0,
                        14538.0
                    ]
                }
            ],
            "ToxicCratePosition": [
                {
                    "Name": "Army1",
                    "POS": [
                        8029.16015625,
                        339.822998046875,
                        14642.7998046875
                    ],
                    "ORI": [
                        -90.0,
                        0.0,
                        0.0
                    ]
                },
                {
                    "Name": "Army2",
                    "POS": [
                        8028.43017578125,
                        339.822998046875,
                        14642.7998046875
                    ],
                    "ORI": [
                        -90.0,
                        0.0,
                        0.0
                    ]
                },
                {
                    "Name": "Army1",
                    "POS": [
                        7812.990234375,
                        356.0119934082031,
                        14783.900390625
                    ],
                    "ORI": [
                        50.0,
                        0.3868339955806732,
                        1.1816099882125855
                    ]
                },
                {
                    "Name": "Army2",
                    "POS": [
                        7832.35009765625,
                        357.1000061035156,
                        14794.0
                    ],
                    "ORI": [
                        -176.0,
                        0.0,
                        -9.0
                    ]
                },
                {
                    "Name": "Army1",
                    "POS": [
                        7895.68994140625,
                        344.3999938964844,
                        14680.599609375
                    ],
                    "ORI": [
                        -150.0,
                        3.2041900157928469,
                        -9.829130172729493
                    ]
                },
                {
                    "Name": "Army2",
                    "POS": [
                        7903.2998046875,
                        339.04998779296877,
                        14637.400390625
                    ],
                    "ORI": [
                        -80.0,
                        6.0,
                        0.0
                    ]
                },
                {
                    "Name": "Army1",
                    "POS": [
                        8040.2998046875,
                        340.25201416015627,
                        14611.2998046875
                    ],
                    "ORI": [
                        145.0,
                        -0.3653239905834198,
                        1.1205400228500367
                    ]
                },
                {
                    "Name": "Army2",
                    "POS": [
                        7928.89990234375,
                        340.4779968261719,
                        14670.0
                    ],
                    "ORI": [
                        21.534799575805665,
                        0.4930559992790222,
                        2.382460117340088
                    ]
                },
                {
                    "Name": "Army1",
                    "POS": [
                        8010.2001953125,
                        340.2879943847656,
                        14654.2001953125
                    ],
                    "ORI": [
                        150.0,
                        0.15395499765872956,
                        -1.1748900413513184
                    ]
                }
            ],
            "CreatureList": [
                {
                    "CreatureName": "Animal_CanisLupus_Grey",
                    "Max": 2,
                    "ProbToSpawn": 1.0
                },
                {
                    "CreatureName": "Animal_InfectedWolf",
                    "Max": 2,
                    "ProbToSpawn": 1.0
                },
                {
                    "CreatureName": "Animal_GermanShepherd",
                    "Max": 2,
                    "ProbToSpawn": 1.0
                },
                {
                    "CreatureName": "Animal_CanisLupus_White",
                    "Max": 2,
                    "ProbToSpawn": 1.0
                },
                {
                    "CreatureName": "Animal_CanisDirus",
                    "Max": 2,
                    "ProbToSpawn": 1.0
                },
                {
                    "CreatureName": "Animal_UrsusArctos",
                    "Max": 1,
                    "ProbToSpawn": 1.0
                },
                {
                    "CreatureName": "Animal_InfectedBear",
                    "Max": 1,
                    "ProbToSpawn": 1.0
                },
                {
                    "CreatureName": "Animal_Dark_Bear",
                    "Max": 1,
                    "ProbToSpawn": 1.0
                }
            ]
        },
        {
            "ToxicZoneStatut": "TZTisy",
            "X": 1655.0,
            "Y": 14068.0,
            "Radius": 600.0,
            "X1": -1.0,
            "Y1": -1.0,
            "X2": -1.0,
            "Y2": -1.0,
            "IsSquareZone": 0,
            "IsMsgActive": 1,
            "MsgEnterZone": "YOU ARE IN A TOXIC AREA!",
            "MsgExitZone": "YOU LEFT THE TOXIC AREA!",
            "IsOnlyGasMask": 0,
            "IsLootActive": 1,
            "ContainerName": "ToxicCase",
            "NumbCratePerTime": 3,
            "MaxLoot": 8,
            "ParticlesPosition": [
                {
                    "NName": "GreenSmoke",
                    "PPos": [
                        1647.6500244140626,
                        451.7300109863281,
                        14193.599609375
                    ]
                },
                {
                    "NName": "GreenSmoke",
                    "PPos": [
                        1660.050048828125,
                        451.75299072265627,
                        14362.2998046875
                    ]
                },
                {
                    "NName": "GreenSmoke",
                    "PPos": [
                        1811.8599853515626,
                        449.5220031738281,
                        14249.5
                    ]
                },
                {
                    "NName": "GreenSmoke",
                    "PPos": [
                        1482.530029296875,
                        462.7489929199219,
                        14415.7001953125
                    ]
                },
                {
                    "NName": "GreenSmoke",
                    "PPos": [
                        1558.280029296875,
                        452.7699890136719,
                        14066.5
                    ]
                },
                {
                    "NName": "GreenSmoke",
                    "PPos": [
                        1764.739990234375,
                        450.3210144042969,
                        14057.099609375
                    ]
                },
                {
                    "NName": "GreenSmoke",
                    "PPos": [
                        1721.75,
                        445.4410095214844,
                        13882.5
                    ]
                },
                {
                    "NName": "GreenSmoke",
                    "PPos": [
                        1471.97998046875,
                        473.0169982910156,
                        14243.7001953125
                    ]
                },
                {
                    "NName": "GreenSmoke",
                    "PPos": [
                        1647.9000244140626,
                        451.22698974609377,
                        13994.0
                    ]
                },
                {
                    "NName": "GreenSmoke",
                    "PPos": [
                        1870.52001953125,
                        432.15301513671877,
                        13778.7001953125
                    ]
                },
                {
                    "NName": "GreenSmoke",
                    "PPos": [
                        1740.9599609375,
                        433.67401123046877,
                        13654.400390625
                    ]
                },
                {
                    "NName": "GreenSmoke",
                    "PPos": [
                        1510.25,
                        439.7919921875,
                        13603.599609375
                    ]
                },
                {
                    "NName": "GreenSmoke",
                    "PPos": [
                        1402.81005859375,
                        449.13299560546877,
                        13687.2998046875
                    ]
                },
                {
                    "NName": "GreenSmoke",
                    "PPos": [
                        1340.239990234375,
                        463.9330139160156,
                        14049.599609375
                    ]
                },
                {
                    "NName": "GreenSmoke",
                    "PPos": [
                        1264.25,
                        462.4620056152344,
                        14009.900390625
                    ]
                },
                {
                    "NName": "GreenSmoke",
                    "PPos": [
                        1058.6800537109376,
                        470.13800048828127,
                        13907.2998046875
                    ]
                },
                {
                    "NName": "GreenSmoke",
                    "PPos": [
                        1635.7099609375,
                        443.32598876953127,
                        13750.5
                    ]
                },
                {
                    "NName": "GreenSmoke",
                    "PPos": [
                        1534.72998046875,
                        455.1189880371094,
                        13780.0
                    ]
                },
                {
                    "NName": "GreenSmoke",
                    "PPos": [
                        1509.31005859375,
                        456.6679992675781,
                        13892.900390625
                    ]
                }
            ],
            "ToxicCratePosition": [
                {
                    "Name": "Army1",
                    "POS": [
                        1386.1600341796876,
                        464.5690002441406,
                        14422.099609375
                    ],
                    "ORI": [
                        115.0,
                        0.0,
                        0.0
                    ]
                },
                {
                    "Name": "Army2",
                    "POS": [
                        1380.56005859375,
                        464.4440002441406,
                        14427.7998046875
                    ],
                    "ORI": [
                        115.0,
                        0.0,
                        0.0
                    ]
                },
                {
                    "Name": "Army1",
                    "POS": [
                        1694.4000244140626,
                        448.40301513671877,
                        14210.0
                    ],
                    "ORI": [
                        -108.0,
                        0.0,
                        0.0
                    ]
                },
                {
                    "Name": "Army2",
                    "POS": [
                        1396.5799560546876,
                        464.5799865722656,
                        14450.599609375
                    ],
                    "ORI": [
                        115.0,
                        0.0,
                        0.0
                    ]
                },
                {
                    "Name": "Army1",
                    "POS": [
                        1390.25,
                        464.5690002441406,
                        14428.599609375
                    ],
                    "ORI": [
                        115.0,
                        0.0,
                        0.0
                    ]
                },
                {
                    "Name": "Army2",
                    "POS": [
                        1696.0899658203126,
                        456.4849853515625,
                        14179.099609375
                    ],
                    "ORI": [
                        73.0,
                        0.0,
                        0.0
                    ]
                },
                {
                    "Name": "Army1",
                    "POS": [
                        1705.52001953125,
                        456.4849853515625,
                        14167.7998046875
                    ],
                    "ORI": [
                        -110.0,
                        0.0,
                        0.0
                    ]
                },
                {
                    "Name": "Army2",
                    "POS": [
                        1705.1300048828126,
                        452.4150085449219,
                        14171.099609375
                    ],
                    "ORI": [
                        -20.0,
                        -0.000003000000106112566,
                        0.0000019999999949504856
                    ]
                },
                {
                    "Name": "Army1",
                    "POS": [
                        1534.47998046875,
                        452.70098876953127,
                        14176.7998046875
                    ],
                    "ORI": [
                        111.49299621582031,
                        0.0,
                        0.0
                    ]
                },
                {
                    "Name": "Army2",
                    "POS": [
                        1674.7099609375,
                        445.625,
                        13883.599609375
                    ],
                    "ORI": [
                        -60.0,
                        0.0,
                        0.0
                    ]
                },
                {
                    "Name": "Army1",
                    "POS": [
                        1678.4599609375,
                        445.7409973144531,
                        13823.7998046875
                    ],
                    "ORI": [
                        34.0,
                        0.0,
                        0.0
                    ]
                },
                {
                    "Name": "Army2",
                    "POS": [
                        1722.43994140625,
                        451.94000244140627,
                        13721.400390625
                    ],
                    "ORI": [
                        125.0,
                        -0.005423999857157469,
                        0.004699999932199717
                    ]
                },
                {
                    "Name": "Army1",
                    "POS": [
                        1896.77001953125,
                        448.9580078125,
                        13707.7998046875
                    ],
                    "ORI": [
                        -134.0,
                        -0.08331900089979172,
                        -0.042663998901844028
                    ]
                },
                {
                    "Name": "Army2",
                    "POS": [
                        1888.6600341796876,
                        449.0459899902344,
                        13704.099609375
                    ],
                    "ORI": [
                        45.0,
                        -0.031207000836730005,
                        -0.014147999696433545
                    ]
                },
                {
                    "Name": "Army1",
                    "POS": [
                        1991.6700439453126,
                        450.25799560546877,
                        13825.099609375
                    ],
                    "ORI": [
                        -180.0,
                        -0.08375900238752365,
                        0.07999199628829956
                    ]
                },
                {
                    "Name": "Army2",
                    "POS": [
                        1988.5999755859376,
                        450.2539978027344,
                        13817.0
                    ],
                    "ORI": [
                        0.0,
                        -0.0023960000835359098,
                        -0.006765999831259251
                    ]
                }
            ],
            "CreatureList": [
                {
                    "CreatureName": "Animal_CanisLupus_Grey",
                    "Max": 2,
                    "ProbToSpawn": 1.0
                },
                {
                    "CreatureName": "Animal_InfectedWolf",
                    "Max": 2,
                    "ProbToSpawn": 1.0
                },
                {
                    "CreatureName": "Animal_GermanShepherd",
                    "Max": 2,
                    "ProbToSpawn": 1.0
                },
                {
                    "CreatureName": "Animal_CanisLupus_White",
                    "Max": 2,
                    "ProbToSpawn": 1.0
                },
                {
                    "CreatureName": "Animal_CanisDirus",
                    "Max": 2,
                    "ProbToSpawn": 1.0
                },
                {
                    "CreatureName": "Animal_UrsusArctos",
                    "Max": 1,
                    "ProbToSpawn": 1.0
                },
                {
                    "CreatureName": "Animal_InfectedBear",
                    "Max": 1,
                    "ProbToSpawn": 1.0
                },
                {
                    "CreatureName": "Animal_Dark_Bear",
                    "Max": 1,
                    "ProbToSpawn": 1.0
                }
            ]
        },
        {
            "ToxicZoneStatut": "TZBalota",
            "X": 4800.0,
            "Y": 2280.0,
            "Radius": 500.0,
            "X1": -1.0,
            "Y1": -1.0,
            "X2": -1.0,
            "Y2": -1.0,
            "IsSquareZone": 0,
            "IsMsgActive": 1,
            "MsgEnterZone": "YOU ARE IN A TOXIC AREA!",
            "MsgExitZone": "YOU LEFT THE TOXIC AREA!",
            "IsOnlyGasMask": 0,
            "IsLootActive": 1,
            "ContainerName": "ToxicCase",
            "NumbCratePerTime": 2,
            "MaxLoot": 20,
            "ParticlesPosition": [
                {
                    "NName": "GreenSmoke",
                    "PPos": [
                        4800.0,
                        0.0,
                        2730.0
                    ]
                },
                {
                    "NName": "GreenSmoke",
                    "PPos": [
                        4800.0,
                        0.0,
                        2580.0
                    ]
                },
                {
                    "NName": "GreenSmoke",
                    "PPos": [
                        4800.0,
                        0.0,
                        2430.0
                    ]
                },
                {
                    "NName": "GreenSmoke",
                    "PPos": [
                        4800.0,
                        0.0,
                        2280.0
                    ]
                },
                {
                    "NName": "GreenSmoke",
                    "PPos": [
                        4800.0,
                        0.0,
                        2130.0
                    ]
                },
                {
                    "NName": "GreenSmoke",
                    "PPos": [
                        4350.0,
                        0.0,
                        2430.0
                    ]
                },
                {
                    "NName": "GreenSmoke",
                    "PPos": [
                        4350.0,
                        0.0,
                        2280.0
                    ]
                },
                {
                    "NName": "GreenSmoke",
                    "PPos": [
                        4500.0,
                        0.0,
                        2580.0
                    ]
                },
                {
                    "NName": "GreenSmoke",
                    "PPos": [
                        4500.0,
                        0.0,
                        2430.0
                    ]
                },
                {
                    "NName": "GreenSmoke",
                    "PPos": [
                        4500.0,
                        0.0,
                        2280.0
                    ]
                },
                {
                    "NName": "GreenSmoke",
                    "PPos": [
                        4650.0,
                        0.0,
                        2730.0
                    ]
                },
                {
                    "NName": "GreenSmoke",
                    "PPos": [
                        4650.0,
                        0.0,
                        2580.0
                    ]
                },
                {
                    "NName": "GreenSmoke",
                    "PPos": [
                        4650.0,
                        0.0,
                        2430.0
                    ]
                },
                {
                    "NName": "GreenSmoke",
                    "PPos": [
                        4650.0,
                        0.0,
                        2280.0
                    ]
                },
                {
                    "NName": "GreenSmoke",
                    "PPos": [
                        4650.0,
                        0.0,
                        2130.0
                    ]
                },
                {
                    "NName": "GreenSmoke",
                    "PPos": [
                        4950.0,
                        0.0,
                        2730.0
                    ]
                },
                {
                    "NName": "GreenSmoke",
                    "PPos": [
                        4950.0,
                        0.0,
                        2580.0
                    ]
                },
                {
                    "NName": "GreenSmoke",
                    "PPos": [
                        4950.0,
                        0.0,
                        2430.0
                    ]
                },
                {
                    "NName": "GreenSmoke",
                    "PPos": [
                        4950.0,
                        0.0,
                        2280.0
                    ]
                },
                {
                    "NName": "GreenSmoke",
                    "PPos": [
                        4950.0,
                        0.0,
                        2130.0
                    ]
                },
                {
                    "NName": "GreenSmoke",
                    "PPos": [
                        5100.0,
                        0.0,
                        2580.0
                    ]
                },
                {
                    "NName": "GreenSmoke",
                    "PPos": [
                        5100.0,
                        0.0,
                        2430.0
                    ]
                },
                {
                    "NName": "GreenSmoke",
                    "PPos": [
                        5100.0,
                        0.0,
                        2280.0
                    ]
                },
                {
                    "NName": "GreenSmoke",
                    "PPos": [
                        5100.0,
                        0.0,
                        2130.0
                    ]
                },
                {
                    "NName": "GreenSmoke",
                    "PPos": [
                        5100.0,
                        0.0,
                        1980.0
                    ]
                },
                {
                    "NName": "GreenSmoke",
                    "PPos": [
                        5250.0,
                        0.0,
                        2430.0
                    ]
                },
                {
                    "NName": "GreenSmoke",
                    "PPos": [
                        5250.0,
                        0.0,
                        2280.0
                    ]
                },
                {
                    "NName": "GreenSmoke",
                    "PPos": [
                        5250.0,
                        0.0,
                        2130.0
                    ]
                }
            ],
            "ToxicCratePosition": [
                {
                    "Name": "Army03",
                    "POS": [
                        5242.5,
                        9.7,
                        2241.0
                    ],
                    "ORI": [
                        150.0,
                        0.0,
                        0.0
                    ]
                },
				{
                    "Name": "Army3",
                    "POS": [
                        5175.5,
                        9.35,
                        2324.75
                    ],
                    "ORI": [
                        -68.0,
                        0.0,
                        2.0
                    ]
                },
				{
                    "Name": "Army3",
                    "POS": [
                        5075.4,
                        10.9,
                        2451.5
                    ],
                    "ORI": [
                        120.0,
                        -10.0,
                        0.0
                    ]
                },
				{
                    "Name": "Army3",
                    "POS": [
                        5067.3,
                        9.9,
                        2452.4
                    ],
                    "ORI": [
                        0.0,
                        0.0,
                        0.0
                    ]
                },
				{
                    "Name": "Army3",
                    "POS": [
                        4912.3,
                        9.9,
                        2608
                    ],
                    "ORI": [
                        -65.0,
                        0.0,
                        0.0
                    ]
                },
				{
                    "Name": "Army3",
                    "POS": [
                        4839.5,
                        14.5,
                        2659.5
                    ],
                    "ORI": [
                        -120.0,
                        0.0,
                        0.0
                    ]
                },
				{
                    "Name": "Army3",
                    "POS": [
                        4763.5,
                        9.35,
                        2458.1
                    ],
                    "ORI": [
                        -100.0,
                        0.0,
                        0.0
                    ]
                },
				{
                    "Name": "Army3",
                    "POS": [
                        4863,
                        9.6,
                        2476.3
                    ],
                    "ORI": [
                        50.0,
                        0.0,
                        0.0
                    ]
                },
				{
                    "Name": "Army3",
                    "POS": [
                        4908.5,
                        10.64,
                        2484
                    ],
                    "ORI": [
                        60.0,
                        0.0,
                        0.0
                    ]
                },
				{
                    "Name": "Army3",
                    "POS": [
                        4921,
                        10.8,
                        2465.4
                    ],
                    "ORI": [
                        45.0,
                        0.0,
                        0.0
                    ]
                },
				{
                    "Name": "Army3",
                    "POS": [
                        4941,
                        10.1,
                        2395.3
                    ],
                    "ORI": [
                        180.0,
                        0.0,
                        0.0
                    ]
                },
				{
                    "Name": "Army3",
                    "POS": [
                        5063.1,
                        9.9,
                        2349.4
                    ],
                    "ORI": [
                        -34.0,
                        0.0,
                        0.0
                    ]
                },
				{
                    "Name": "Army3",
                    "POS": [
                        5085,
                        10.7,
                        2305
                    ],
                    "ORI": [
                        140.0,
                        0.0,
                        0.0
                    ]
                }
            ],
            "CreatureList": [
                {
                    "CreatureName": "Animal_CanisLupus_Grey",
                    "Max": 2,
                    "ProbToSpawn": 1.0
                },
                {
                    "CreatureName": "Animal_InfectedWolf",
                    "Max": 2,
                    "ProbToSpawn": 1.0
                },
                {
                    "CreatureName": "Animal_GermanShepherd",
                    "Max": 2,
                    "ProbToSpawn": 1.0
                },
                {
                    "CreatureName": "Animal_CanisLupus_White",
                    "Max": 2,
                    "ProbToSpawn": 1.0
                },
                {
                    "CreatureName": "Animal_CanisDirus",
                    "Max": 2,
                    "ProbToSpawn": 1.0
                },
                {
                    "CreatureName": "Animal_UrsusArctos",
                    "Max": 1,
                    "ProbToSpawn": 1.0
                },
                {
                    "CreatureName": "Animal_InfectedBear",
                    "Max": 1,
                    "ProbToSpawn": 1.0
                },
                {
                    "CreatureName": "Animal_Dark_Bear",
                    "Max": 1,
                    "ProbToSpawn": 1.0
                }
            ]
        }
    ]
}