{
    "Controls": {
        "Version": "1.21.06.28",
        "Interval": 5,
        "Mode": 2,
        "AD_LogManager": 1,
        "AD_LogAircraft": 1,
        "AD_LogContainer": 1,
        "MinimumPlayers": 1
    },
    "Map": {
        "Width": 15360,
        "Height": 15360,
        "Offset": 1000
    },
    "Aircraft": {
        "AirSpeedKIAS": 150,
        "StartAltMSL": 2438,
        "DropAGL": 152,
        "DropOffset": -10,
        "DropAccuracy": 304,
        "TerrainFollowing": 0.5
    },
    "Messages": {
        "Mode": 3,
        "Duration": 10,
        "Proximity": 1500,
        "ImperialUnits": 0,
        "NotificationARGB": [
            255,
            0,
            100,
            200
        ]
    },
    "Container": {
        "TriggerAGL": 1,
        "FallRate": 7,
        "StandUpTimer": 0.1,
        "SpawnMin": 1.5,
        "SpawnMax": 3.5,
        "SpawnOffset": 0.001,
        "WindStrength": 0.1,
        "Lifespan": 60
    },
    "Locations": [
        {
            "Title": "City",
            "Zombies": [
                "ZmbF_CitizenANormal_Beige",
                "ZmbF_CitizenANormal_Blue",
                "ZmbF_CitizenANormal_Brown",
                "ZmbF_CitizenBSkinny",
                "ZmbF_Clerk_Normal_Blue",
                "ZmbF_Clerk_Normal_Green",
                "ZmbF_Clerk_Normal_Red",
                "ZmbF_Clerk_Normal_White",
                "ZmbF_DoctorSkinny",
                "ZmbF_JoggerSkinny_Blue",
                "ZmbF_JoggerSkinny_Brown",
                "ZmbF_JoggerSkinny_Green",
                "ZmbF_JoggerSkinny_Red",
                "ZmbF_JournalistNormal_Blue",
                "ZmbF_JournalistNormal_Green",
                "ZmbF_JournalistNormal_Red",
                "ZmbF_JournalistNormal_White",
                "ZmbF_NurseFat",
                "ZmbF_ParamedicNormal_Blue",
                "ZmbF_ParamedicNormal_Green",
                "ZmbF_ParamedicNormal_Red",
                "ZmbF_PatientOld",
                "ZmbF_PoliceWomanNormal",
                "ZmbF_ShortSkirt_beige",
                "ZmbF_ShortSkirt_black",
                "ZmbF_ShortSkirt_brown",
                "ZmbF_ShortSkirt_checks",
                "ZmbF_ShortSkirt_green",
                "ZmbF_ShortSkirt_grey",
                "ZmbF_ShortSkirt_red",
                "ZmbF_ShortSkirt_stripes",
                "ZmbF_ShortSkirt_white",
                "ZmbF_ShortSkirt_yellow",
                "ZmbF_SkaterYoung_Brown",
                "ZmbF_SkaterYoung_Striped",
                "ZmbF_SkaterYoung_Violet",
                "ZmbM_CitizenASkinny_Blue",
                "ZmbM_CitizenASkinny_Brown",
                "ZmbM_CitizenASkinny_Grey",
                "ZmbM_CitizenASkinny_Red",
                "ZmbM_CitizenBFat_Blue",
                "ZmbM_CitizenBFat_Green",
                "ZmbM_CitizenBFat_Red",
                "ZmbM_ClerkFat_Brown",
                "ZmbM_ClerkFat_Grey",
                "ZmbM_ClerkFat_Khaki",
                "ZmbM_ClerkFat_White",
                "ZmbM_CommercialPilotOld_Blue",
                "ZmbM_CommercialPilotOld_Brown",
                "ZmbM_CommercialPilotOld_Grey",
                "ZmbM_CommercialPilotOld_Olive",
                "ZmbM_DoctorFat",
                "ZmbM_JacketNormal_greenchecks",
                "ZmbM_Jacket_beige",
                "ZmbM_Jacket_black",
                "ZmbM_Jacket_blue",
                "ZmbM_Jacket_bluechecks",
                "ZmbM_Jacket_brown",
                "ZmbM_Jacket_greenchecks",
                "ZmbM_Jacket_grey",
                "ZmbM_Jacket_khaki",
                "ZmbM_Jacket_magenta",
                "ZmbM_Jacket_stripes",
                "ZmbM_JoggerSkinny_Blue",
                "ZmbM_JoggerSkinny_Green",
                "ZmbM_JoggerSkinny_Red",
                "ZmbM_JournalistSkinny",
                "ZmbM_ParamedicNormal_Black",
                "ZmbM_ParamedicNormal_Blue",
                "ZmbM_ParamedicNormal_Green",
                "ZmbM_ParamedicNormal_Red",
                "ZmbM_PatientSkinny",
                "ZmbM_PatrolNormal_Autumn",
                "ZmbM_PatrolNormal_Flat",
                "ZmbM_PatrolNormal_PautRev",
                "ZmbM_PatrolNormal_Summer",
                "ZmbM_PolicemanFat",
                "ZmbM_PolicemanSpecForce",
                "ZmbM_PrisonerSkinny",
                "ZmbM_SkaterYoung_Blue",
                "ZmbM_SkaterYoung_Brown",
                "ZmbM_SkaterYoung_Green",
                "ZmbM_SkaterYoung_Grey"
            ]
        },
        {
            "Title": "Country",
            "Zombies": [
                "ZmbF_HikerSkinny_Blue",
                "ZmbF_HikerSkinny_Green",
                "ZmbF_HikerSkinny_Grey",
                "ZmbF_HikerSkinny_Red",
                "ZmbF_MilkMaidOld_Beige",
                "ZmbF_MilkMaidOld_Black",
                "ZmbF_MilkMaidOld_Green",
                "ZmbF_MilkMaidOld_Grey",
                "ZmbF_SurvivorNormal_Blue",
                "ZmbF_SurvivorNormal_Orange",
                "ZmbF_SurvivorNormal_Red",
                "ZmbF_SurvivorNormal_White",
                "ZmbF_VillagerOld_Blue",
                "ZmbF_VillagerOld_Green",
                "ZmbF_VillagerOld_Red",
                "ZmbF_VillagerOld_White",
                "ZmbM_FarmerFat_Beige",
                "ZmbM_FarmerFat_Blue",
                "ZmbM_FarmerFat_Brown",
                "ZmbM_FarmerFat_Green",
                "ZmbM_HermitSkinny_Beige",
                "ZmbM_HermitSkinny_Black",
                "ZmbM_HermitSkinny_Green",
                "ZmbM_HermitSkinny_Red",
                "ZmbM_HikerSkinny_Blue",
                "ZmbM_HikerSkinny_Green",
                "ZmbM_HikerSkinny_Yellow",
                "ZmbM_HunterOld_Autumn",
                "ZmbM_HunterOld_Spring",
                "ZmbM_HunterOld_Summer",
                "ZmbM_HunterOld_Winter",
                "ZmbM_MotobikerFat_Beige",
                "ZmbM_MotobikerFat_Black",
                "ZmbM_MotobikerFat_Blue",
                "ZmbM_SurvivorDean_Black",
                "ZmbM_SurvivorDean_Blue",
                "ZmbM_SurvivorDean_Grey",
                "ZmbM_VillagerOld_Blue",
                "ZmbM_VillagerOld_Green",
                "ZmbM_VillagerOld_White",
                "ZmbM_priestPopSkinny"
            ]
        },
        {
            "Title": "Industrial",
            "Zombies": [
                "ZmbF_BlueCollarFat_Green",
                "ZmbF_BlueCollarFat_Red",
                "ZmbF_BlueCollarFat_White",
                "ZmbF_MechanicNormal_Beige",
                "ZmbF_MechanicNormal_Green",
                "ZmbF_MechanicNormal_Grey",
                "ZmbF_MechanicNormal_Orange",
                "ZmbM_ConstrWorkerNormal_Beige",
                "ZmbM_ConstrWorkerNormal_Black",
                "ZmbM_ConstrWorkerNormal_Green",
                "ZmbM_ConstrWorkerNormal_Grey",
                "ZmbM_FirefighterNormal",
                "ZmbM_FishermanOld_Blue",
                "ZmbM_FishermanOld_Green",
                "ZmbM_FishermanOld_Grey",
                "ZmbM_FishermanOld_Red",
                "ZmbM_HandymanNormal_Beige",
                "ZmbM_HandymanNormal_Blue",
                "ZmbM_HandymanNormal_Green",
                "ZmbM_HandymanNormal_Grey",
                "ZmbM_HandymanNormal_White",
                "ZmbM_HeavyIndustryWorker",
                "ZmbM_MechanicSkinny_Blue",
                "ZmbM_MechanicSkinny_Green",
                "ZmbM_MechanicSkinny_Grey",
                "ZmbM_MechanicSkinny_Red",
                "ZmbM_OffshoreWorker_Green",
                "ZmbM_OffshoreWorker_Orange",
                "ZmbM_OffshoreWorker_Red",
                "ZmbM_OffshoreWorker_Yellow"
            ]
        },
        {
            "Title": "Military",
            "Zombies": [
                "ZmbM_PatrolNormal_Autumn",
                "ZmbM_PatrolNormal_Flat",
                "ZmbM_PatrolNormal_PautRev",
                "ZmbM_PatrolNormal_Summer",
                "ZmbM_SoldierNormal"
            ]
        },
        {
            "Title": "Wolfpack",
            "Zombies": [
                "Animal_CanisLupus_White",
                "Animal_CanisLupus_Grey"
            ]
        }
    ],
    "DropZones": [
        {
            "Title": "Player Called",
            "Location": "RANDOM",
            "DropType": "RANDOM",
            "X": 0,
            "Z": 0,
            "Zombies": 20,
            "Radius": 75,
            "DropAccuracy": 75
        },
        {
            "Title": "Balota Airstrip",
            "Location": "Military",
            "DropType": "RANDOM",
            "X": 5025,
            "Z": 2455,
            "Zombies": 5,
            "Radius": 50,
            "DropAccuracy": 100
        },
        {
            "Title": "Berezino",
            "Location": "Industrial",
            "DropType": "RANDOM",
            "X": 12450,
            "Z": 9250,
            "Zombies": 10,
            "Radius": 50,
            "DropAccuracy": 100
        },
        {
            "Title": "Chernogorsk",
            "Location": "Industrial",
            "DropType": "RANDOM",
            "X": 7400,
            "Z": 3500,
            "Zombies": 10,
            "Radius": 50,
            "DropAccuracy": 100
        },
        {
            "Title": "Elektrozavodsk",
            "Location": "City",
            "DropType": "RANDOM",
            "X": 10050,
            "Z": 2450,
            "Zombies": 10,
            "Radius": 50,
            "DropAccuracy": 100
        },
        {
            "Title": "Gorka",
            "Location": "Wolfpack",
            "DropType": "RANDOM",
            "X": 8775,
            "Z": 9200,
            "Zombies": 5,
            "Radius": 50,
            "DropAccuracy": 100
        },
        {
            "Title": "Krasnostav Airstrip",
            "Location": "Military",
            "DropType": "RANDOM",
            "X": 12160,
            "Z": 12645,
            "Zombies": 5,
            "Radius": 50,
            "DropAccuracy": 100
        },
        {
            "Title": "Myshkino",
            "Location": "Country",
            "DropType": "RANDOM",
            "X": 1900,
            "Z": 7600,
            "Zombies": 5,
            "Radius": 50,
            "DropAccuracy": 100
        },
        {
            "Title": "Northwest Airfield",
            "Location": "Military",
            "DropType": "RANDOM",
            "X": 4500,
            "Z": 10350,
            "Zombies": 20,
            "Radius": 50,
            "DropAccuracy": 100
        },
        {
            "Title": "Novaya Petrovka",
            "Location": "City",
            "DropType": "RANDOM",
            "X": 3100,
            "Z": 12840,
            "Zombies": 10,
            "Radius": 50,
            "DropAccuracy": 100
        },
        {
            "Title": "Novodmitrovsk",
            "Location": "City",
            "DropType": "RANDOM",
            "X": 11475,
            "Z": 14356,
            "Zombies": 10,
            "Radius": 50,
            "DropAccuracy": 100
        },
        {
            "Title": "Skalisty Island",
            "Location": "Country",
            "DropType": "RANDOM",
            "X": 13575,
            "Z": 3055,
            "Zombies": 5,
            "Radius": 50,
            "DropAccuracy": 100
        },
        {
            "Title": "Soverograd",
            "Location": "City",
            "DropType": "RANDOM",
            "X": 8566,
            "Z": 12755,
            "Zombies": 5,
            "Radius": 50,
            "DropAccuracy": 100
        },
        {
            "Title": "Stary/Novy ",
            "Location": "Military",
            "DropType": "RANDOM",
            "X": 6600,
            "Z": 7800,
            "Zombies": 5,
            "Radius": 50,
            "DropAccuracy": 100
        },
        {
            "Title": "Veresnik",
            "Location": "Country",
            "DropType": "RANDOM",
            "X": 4000,
            "Z": 7850,
            "Zombies": 5,
            "Radius": 50,
            "DropAccuracy": 100
        },
        {
            "Title": "Zelenogorks",
            "Location": "Country",
            "DropType": "RANDOM",
            "X": 1875,
            "Z": 5210,
            "Zombies": 10,
            "Radius": 50,
            "DropAccuracy": 100
        }
    ],
    "DropTypes": [
        {
            "Title": "Misc. Food",
            "Container": "RANDOM",
            "Quantity": 20,
            "AddFlare": 10,
            "SpawnMin": 1.5,
            "SpawnMax": 3.5,
            "SpawnOffset": 0.001,
            "Items": [
                "Apple",
                "BakedBeansCan",
                "BoxCerealCrunchin",
                "CaninaBerry",
                "Canteen",
                "GreenBellPepper",
                "Lard",
                "PeachesCan",
                "Pear",
                "Plum",
                "Potato",
                "PowderedMilk",
                "Pumpkin",
                "Rice",
                "SambucusBerry",
                "SardinesCan",
                "SodaCan_Cola",
                "SodaCan_Kvass",
                "SodaCan_Pipsi",
                "SodaCan_Spite",
                "SpaghettiCan",
                "TacticalBaconCan",
                "Tomato",
                "TunaCan",
                "WaterBottle",
                "Zucchini"
            ]
        },
        {
            "Title": "Misc. Tools",
            "Container": "RANDOM",
            "Quantity": 20,
            "AddFlare": 10,
            "SpawnMin": 9,
            "SpawnMax": 10,
            "SpawnOffset": 0.001,
            "Items": [
                "BaseRadio",
                "Battery9V",
                "BatteryCharger",
                "Binoculars",
                "CableReel",
                "CanOpener",
                "Chemlight_Blue",
                "Chemlight_Green",
                "Chemlight_Red",
                "Chemlight_White",
                "Chemlight_Yellow",
                "ChernarusMap",
                "CombatKnife",
                "Compass",
                "Crowbar",
                "ElectronicRepairKit",
                "FirefighterAxe",
                "Flashlight",
                "Hacksaw",
                "Hammer",
                "Hatchet",
                "Headtorch_Black",
                "Headtorch_Grey",
                "Heatpack",
                "HuntingKnife",
                "KitchenKnife",
                "LeatherSewingKit",
                "Lockpick",
                "LugWrench",
                "Machete",
                "Matchbox",
                "Megaphone",
                "OrienteeringCompass",
                "PersonalRadio",
                "Pickaxe",
                "Pliers",
                "PortableGasLamp",
                "PortableGasStove",
                "Rangefinder",
                "Roadflare",
                "Screwdriver",
                "SewingKit",
                "Shovel",
                "SledgeHammer",
                "Spotlight",
                "SteakKnife",
                "WeaponCleaningKit",
                "Whetstone",
                "WoodAxe",
                "Wrench"
            ]
        },
        {
            "Title": "Medical",
            "Container": "RANDOM",
            "Quantity": 20,
            "AddFlare": 10,
            "SpawnMin": 1.5,
            "SpawnMax": 3.5,
            "SpawnOffset": 0.001,
            "Items": [
                "BandageDressing",
                "BloodBagEmpty",
                "BloodBagIV",
                "BloodSyringe",
                "BloodTestKit",
                "CharcolaTablets",
                "DisinfectantAlcohol",
                "DisinfectantSpray",
                "Epinephrine",
                "Heatpack",
                "MedicalScrubsHat_Blue",
                "MedicalScrubsHat_Green",
                "MedicalScrubsHat_White",
                "MedicalScrubShirt_White",
                "MedicalScrubsPants_Blue",
                "MedicalScrubsPants_Green",
                "MedicalScrubsPants_White",
                "MedicalScrubsShirt_Blue",
                "MedicalScrubsShirt_Green",
                "Morphine",
                "PainkillerTablets",
                "PurificationTablets",
                "Rag",
                "SalineBag",
                "SalineBagIV",
                "SurgicalGloves_Blue",
                "SurgicalGloves_Green",
                "SurgicalGloves_LightBlue",
                "SurgicalGloves_White",
                "SurgicalMask",
                "TetracyclineAntibiotics",
                "VitaminBottle",
                "WaterBottle"
            ]
        },
        {
            "Title": "Military East",
            "Container": "RANDOM",
            "Quantity": 20,
            "AddFlare": 10,
            "SpawnMin": 1.5,
            "SpawnMax": 3.5,
            "SpawnOffset": 0.001,
            "Items": [
                "AKM",
                "AK_Bayonet",
                "AK_PlasticBttstck",
                "AK_RailHndgrd",
                "AK_Suppressor",
                "AmmoBox_762x39_20Rnd",
                "Battery9V",
                "Binoculars",
                "CanOpener",
                "Canteen",
                "GorkaEJacket_Autumn",
                "GorkaEJacket_Flat",
                "GorkaEJacket_PautRev",
                "GorkaEJacket_Summer",
                "GorkaPants_Autumn",
                "GorkaPants_Flat",
                "GorkaPants_PautRev",
                "GorkaPants_Summer",
                "Mag_AKM_30Rnd",
                "TacticalBaconCan",
                "TacticalGloves_Beige",
                "TacticalGloves_Black",
                "TacticalGloves_Green",
                "TacticalGoggles",
                "TTsKOJacket_Camo",
                "TTSKOPants",
                "UniversalLight",
                "WeaponCleaningKit"
            ]
        },
        {
            "Title": "Military West",
            "Container": "RANDOM",
            "Quantity": 20,
            "AddFlare": 10,
            "SpawnMin": 1.5,
            "SpawnMax": 3.5,
            "SpawnOffset": 0.001,
            "Items": [
                "AmmoBox_45ACP_25Rnd",
                "AmmoBox_556x45_20Rnd",
                "AssaultBag_Black",
                "AssaultBag_Green",
                "AssaultBag_Ttsko",
                "Battery9V",
                "Binoculars",
                "CanOpener",
                "Canteen",
                "CombatKnife",
                "FNX45",
                "M4A1",
                "M4_CQBBttstck",
                "M4_RISHndgrd",
                "M4_Suppressor",
                "M4_T3NrdSOptic",
                "M9A1_Bayonet",
                "Mag_FNX45_15Rnd",
                "Mag_STANAG_30Rnd",
                "MilitaryBoots_Beige",
                "MilitaryBoots_Black",
                "MilitaryBoots_Bluerock",
                "MilitaryBoots_Brown",
                "PistolSuppressor",
                "Rangefinder",
                "TacticalBaconCan",
                "TacticalGloves_Beige",
                "TacticalGloves_Black",
                "TacticalGloves_Green",
                "TacticalGoggles",
                "UKAssVest_Black",
                "UKAssVest_Camo",
                "UKAssVest_Khaki",
                "UKAssVest_Olive",
                "UniversalLight",
                "USMCJacket_Desert",
                "USMCJacket_Woodland",
                "USMCPants_Desert",
                "USMCPants_Woodland",
                "WeaponCleaningKit"
            ]
        }
    ]
}