{
    "IsMsgActive": 1,
    "IsDynZoneActive": 1,
    "IsToxicZoneActive": 1,
    "MsgEnterZone": "YOU ARE IN A TOXIC AREA!",
    "MsgExitZone": "YOU LEFT THE TOXIC AREA!",
    "CheckNBC": 30000,
    "CheckDynNBC": 40000,
    "ToxicBloodLoss": 5,
    "NbSickGiven": 34,
    "SuitsDamage": 20,
    "GP5DamageGrenade": 10,
    "NbSickGivenforToxicSmoke": 51,
	"IsCharcoalTabNeeded": 1,
    "ToxicAreaLocation": [
        {
            "ToxicZoneStatut": "Toxic Area Airfield",
            "ContainerName": "ToxicCase",
            "X": 5545,
            "Y": 3625,
            "Radius": 600,
			"X1": -1,
            "Y1": -1,
            "X2": -1,
            "Y2": -1,
            "NumbCratePerTime": 1,
            "MaxLoot": 8,
            "IsSquareZone": 0,
            "IsLootActive": 1,
            "IsOnlyGasMask": 1,
            "ToxicCratePosition": [
                {
                    "Name": "Army1",
                    "POS": [
                        5249.65,
                        74.1016,
                        3150.03
                    ],
                    "ORI": [
                        0,
                        0,
                        0
                    ]
                },
                {
                    "Name": "Army1",
                    "POS": [
                        5370.2,
                        74.1016,
                        3246.91
                    ],
                    "ORI": [
                        0,
                        0,
                        0
                    ]
                },
                {
                    "Name": "Army1",
                    "POS": [
                        5363.65,
                        74.1015,
                        3494
                    ],
                    "ORI": [
                        0,
                        0,
                        0
                    ]
                },
                {
                    "Name": "Army1",
                    "POS": [
                        5252.49,
                        74.0125,
                        3522.23
                    ],
                    "ORI": [
                        0,
                        0,
                        0
                    ]
                },
                {
                    "Name": "Army1",
                    "POS": [
                        5085.14,
                        74.0807,
                        3626.33
                    ],
                    "ORI": [
                        0,
                        0,
                        0
                    ]
                },
                {
                    "Name": "Army1",
                    "POS": [
                        5089.73,
                        74.0807,
                        3661.5
                    ],
                    "ORI": [
                        0,
                        0,
                        0
                    ]
                },
                {
                    "Name": "Army1",
                    "POS": [
                        5351.78,
                        74.3311,
                        3796.98
                    ],
                    "ORI": [
                        0,
                        0,
                        0
                    ]
                },
                {
                    "Name": "Army1",
                    "POS": [
                        5394.04,
                        74.8027,
                        3851.82
                    ],
                    "ORI": [
                        0,
                        0,
                        0
                    ]
                },
                {
                    "Name": "Army1",
                    "POS": [
                        5494.58,
                        74.2715,
                        3905.94
                    ],
                    "ORI": [
                        0,
                        0,
                        0
                    ]
                },
                {
                    "Name": "Army1",
                    "POS": [
                        5522.18,
                        75.25,
                        3858.77
                    ],
                    "ORI": [
                        0,
                        0,
                        0
                    ]
                },
                {
                    "Name": "Army1",
                    "POS": [
                        5525.44,
                        74.0125,
                        3772.07
                    ],
                    "ORI": [
                        0,
                        0,
                        0
                    ]
                },
                {
                    "Name": "Army1",
                    "POS": [
                        5452.98,
                        74.6311,
                        3610.22
                    ],
                    "ORI": [
                        0,
                        0,
                        0
                    ]
                },
                {
                    "Name": "Army1",
                    "POS": [
                        5676.51,
                        74.0807,
                        3746.39
                    ],
                    "ORI": [
                        0,
                        0,
                        0
                    ]
                },
                {
                    "Name": "Army1",
                    "POS": [
                        5717.89,
                        74.0807,
                        3780.36
                    ],
                    "ORI": [
                        0,
                        0,
                        0
                    ]
                },
                {
                    "Name": "Army1",
                    "POS": [
                        5793.58,
                        74.0807,
                        3543.61
                    ],
                    "ORI": [
                        0,
                        0,
                        0
                    ]
                },
                {
                    "Name": "Army1",
                    "POS": [
                        5924.99,
                        74.0807,
                        3583.99
                    ],
                    "ORI": [
                        0,
                        0,
                        0
                    ]
                }
            ],
            "ParticlesPosition": [
                {
                    "NName": "GreenSmoke",
                    "PPos": [
                        5470,
                        0,
                        3721
                    ]
                },
                {
                    "NName": "GreenSmoke",
                    "PPos": [
                        5545,
                        0,
                        3625
                    ]
                },
                {
                    "NName": "GreenSmoke",
                    "PPos": [
                        5624,
                        0,
                        3747
                    ]
                },
                {
                    "NName": "GreenSmoke",
                    "PPos": [
                        5550,
                        0,
                        3817
                    ]
                },
                {
                    "NName": "GreenSmoke",
                    "PPos": [
                        5424,
                        0,
                        3819
                    ]
                },
                {
                    "NName": "GreenSmoke",
                    "PPos": [
                        5382,
                        0,
                        3657
                    ]
                },
                {
                    "NName": "GreenSmoke",
                    "PPos": [
                        5240,
                        0,
                        3621
                    ]
                },
                {
                    "NName": "GreenSmoke",
                    "PPos": [
                        5246,
                        0,
                        3783
                    ]
                },
                {
                    "NName": "GreenSmoke",
                    "PPos": [
                        5047,
                        0,
                        3606
                    ]
                },
                {
                    "NName": "GreenSmoke",
                    "PPos": [
                        5112,
                        0,
                        3717
                    ]
                },
                {
                    "NName": "GreenSmoke",
                    "PPos": [
                        5134,
                        0,
                        3513
                    ]
                },
                {
                    "NName": "GreenSmoke",
                    "PPos": [
                        5159,
                        0,
                        3281
                    ]
                },
                {
                    "NName": "GreenSmoke",
                    "PPos": [
                        5228,
                        0,
                        3186
                    ]
                },
                {
                    "NName": "GreenSmoke",
                    "PPos": [
                        5334,
                        0,
                        3256
                    ]
                },
				{
                    "NName": "GreenSmoke",
                    "PPos": [
                        5292,
                        0,
                        3463
                    ]
                },
				{
                    "NName": "GreenSmoke",
                    "PPos": [
                        5264,
                        0,
                        3345
                    ]
                },
				{
                    "NName": "GreenSmoke",
                    "PPos": [
                        5260,
                        0,
                        3874
                    ]
                },
				{
                    "NName": "GreenSmoke",
                    "PPos": [
                        5306,
                        0,
                        3954
                    ]
                },
				{
                    "NName": "GreenSmoke",
                    "PPos": [
                        5350,
                        0,
                        3770
                    ]
                },
				{
                    "NName": "GreenSmoke",
                    "PPos": [
                        5332,
                        0,
                        3869
                    ]
                },
				{
                    "NName": "GreenSmoke",
                    "PPos": [
                        5416,
                        0,
                        3357
                    ]
                },
				{
                    "NName": "GreenSmoke",
                    "PPos": [
                        5422,
                        0,
                        3923
                    ]
                },
				{
                    "NName": "GreenSmoke",
                    "PPos": [
                        5538,
                        0,
                        3405
                    ]
                },
				{
                    "NName": "GreenSmoke",
                    "PPos": [
                        5648,
                        0,
                        3491
                    ]
                },
				{
                    "NName": "GreenSmoke",
                    "PPos": [
                        5686,
                        0,
                        3943
                    ]
                },
				{
                    "NName": "GreenSmoke",
                    "PPos": [
                        5676,
                        0,
                        3833
                    ]
                },
				{
                    "NName": "GreenSmoke",
                    "PPos": [
                        5742,
                        0,
                        3565
                    ]
                },
				{
                    "NName": "GreenSmoke",
                    "PPos": [
                        5744,
                        0,
                        4015
                    ]
                },
				{
                    "NName": "GreenSmoke",
                    "PPos": [
                        5854,
                        0,
                        3643
                    ]
                },
				{
                    "NName": "GreenSmoke",
                    "PPos": [
                        5885,
                        0,
                        3549
                    ]
                },
				{
                    "NName": "GreenSmoke",
                    "PPos": [
                        5816,
                        0,
                        4090
                    ]
                },
                {
                    "NName": "GreenSmoke",
                    "PPos": [
                        5790,
                        0,
                        3769
                    ]
                }
            ],
            "CreatureList": [
                {
                    "CreatureName": "Animal_CanisLupus_Grey",
                    "Max": 7
                },
                {
                    "CreatureName": "Animal_UrsusArctos",
                    "Max": 1
                }
            ]
        },
		{
            "ToxicZoneStatut": "Toxic Area Swamp Military",
            "ContainerName": "ToxicCase",
            "X": 3671,
            "Y": 8778.57,
            "Radius": 200,
			"X1": -1,
            "Y1": -1,
            "X2": -1,
            "Y2": -1,
            "NumbCratePerTime": 1,
            "MaxLoot": 8,
            "IsSquareZone": 0,
            "IsLootActive": 1,
            "IsOnlyGasMask": 1,
            "ToxicCratePosition": [
                {
                    "Name": "Army2",
                    "POS": [
                        3558.63,
                        11.6818,
                        8907.57
                    ],
                    "ORI": [
                        0,
                        0,
                        0
                    ]
                },
                {
                    "Name": "Army2",
                    "POS": [
                        3616.51,
                        12.8,
                        8883.55
                    ],
                    "ORI": [
                        10,
                        0,
                        0
                    ]
                },
                {
                    "Name": "Army2",
                    "POS": [
                        3709.22,
                        13.6901,
                        8646.72
                    ],
                    "ORI": [
                        -90,
                        0,
                        0
                    ]
                },
                {
                    "Name": "Army2",
                    "POS": [
                        3795.1,
                        13.3638,
                        8858.9
                    ],
                    "ORI": [
                        125,
                        0,
                        0
                    ]
                },
                {
                    "Name": "Army2",
                    "POS": [
                        3543.82,
                        12.1212,
                        8854.14
                    ],
                    "ORI": [
                        30,
                        0,
                        0
                    ]
                },
                {
                    "Name": "Army2",
                    "POS": [
                        3730.22,
                        15.8699,
                        8925.33
                    ],
                    "ORI": [
                        178,
                        0,
                        0
                    ]
                },
                {
                    "Name": "Army2",
                    "POS": [
                        3708.56,
                        11.0302,
                        8838.67
                    ],
                    "ORI": [
                        80,
                        0,
                        0
                    ]
                }
            ],
            "ParticlesPosition": [
                {
                    "NName": "GreenSmoke",
                    "PPos": [
                        3721,
                        0,
                        8946
                    ]
                },
                {
                    "NName": "GreenSmoke",
                    "PPos": [
                        3643,
                        0,
                        8939
                    ]
                },
                {
                    "NName": "GreenSmoke",
                    "PPos": [
                        3565,
                        0,
                        8918
                    ]
                },
                {
                    "NName": "GreenSmoke",
                    "PPos": [
                        3547,
                        0,
                        8840
                    ]
                },
                {
                    "NName": "GreenSmoke",
                    "PPos": [
                        3620,
                        0,
                        8864
                    ]
                },
                {
                    "NName": "GreenSmoke",
                    "PPos": [
                        3701,
                        0,
                        8877
                    ]
                },
                {
                    "NName": "GreenSmoke",
                    "PPos": [
                        3677,
                        0,
                        8802
                    ]
                },
                {
                    "NName": "GreenSmoke",
                    "PPos": [
                        3673,
                        0,
                        8721
                    ]
                },
                {
                    "NName": "GreenSmoke",
                    "PPos": [
                        3709,
                        0,
                        8649
                    ]
                },
                {
                    "NName": "GreenSmoke",
                    "PPos": [
                        3779,
                        0,
                        8693
                    ]
                },
                {
                    "NName": "GreenSmoke",
                    "PPos": [
                        3778,
                        0,
                        8772
                    ]
                },
                {
                    "NName": "GreenSmoke",
                    "PPos": [
                        3785,
                        0,
                        8851
                    ]
                },
                {
                    "NName": "GreenSmoke",
                    "PPos": [
                        3783,
                        0,
                        8931
                    ]
                }
            ],
            "CreatureList": [
                {
                    "CreatureName": "Animal_CanisLupus_Grey",
                    "Max": 7
                },
                {
                    "CreatureName": "Animal_UrsusArctos",
                    "Max": 1
                }
            ]
        },
		{
            "ToxicZoneStatut": "Toxic Area Oceanville Military",
            "ContainerName": "ToxicCase",
            "X": 8897,
            "Y": 5991,
            "Radius": 300,
			"X1": -1,
            "Y1": -1,
            "X2": -1,
            "Y2": -1,
            "NumbCratePerTime": 1,
            "MaxLoot": 8,
            "IsSquareZone": 0,
            "IsLootActive": 1,
            "IsOnlyGasMask": 1,
            "ToxicCratePosition": [
                {
                    "Name": "Army1",
                    "POS": [
                        8909.06,
                        15.5903,
                        5883.65
                    ],
                    "ORI": [
                        0,
                        0,
                        0
                    ]
                },
                {
                    "Name": "Army1",
                    "POS": [
                        8916,
                        19.2558,
                        5939.51
                    ],
                    "ORI": [
                        0,
                        0,
                        0
                    ]
                },
                {
                    "Name": "Army1",
                    "POS": [
                        8917.31,
                        24.6064,
                        6006.89
                    ],
                    "ORI": [
                        -70,
                        0,
                        0
                    ]
                },
                {
                    "Name": "Army1",
                    "POS": [
                        8770.67,
                        16.2852,
                        5983.1
                    ],
                    "ORI": [
                        -85,
                        0,
                        0
                    ]
                },
                {
                    "Name": "Army1",
                    "POS": [
                        8741.93,
                        17.3279,
                        6049.28
                    ],
                    "ORI": [
                        0,
                        0,
                        0
                    ]
                },
                {
                    "Name": "Army1",
                    "POS": [
                        8767.02,
                        16.1291,
                        6052.67
                    ],
                    "ORI": [
                        0,
                        0,
                        0
                    ]
                },
                {
                    "Name": "Army1",
                    "POS": [
                        8586.18,
                        2.99084,
                        6048.06
                    ],
                    "ORI": [
                        0,
                        0,
                        0
                    ]
                }
            ],
            "ParticlesPosition": [
                {
                    "NName": "GreenSmoke",
                    "PPos": [
                        8564,
                        0,
                        5985
                    ]
                },
                {
                    "NName": "GreenSmoke",
                    "PPos": [
                        8628,
                        0,
                        6054
                    ]
                },
                {
                    "NName": "GreenSmoke",
                    "PPos": [
                        8652,
                        0,
                        5952
                    ]
                },
                {
                    "NName": "GreenSmoke",
                    "PPos": [
                        8747,
                        0,
                        5944
                    ]
                },
                {
                    "NName": "GreenSmoke",
                    "PPos": [
                        8812,
                        0,
                        5876
                    ]
                },
                {
                    "NName": "GreenSmoke",
                    "PPos": [
                        8902,
                        0,
                        5814
                    ]
                },
                {
                    "NName": "GreenSmoke",
                    "PPos": [
                        9014,
                        0,
                        5805
                    ]
                },
                {
                    "NName": "GreenSmoke",
                    "PPos": [
                        8954,
                        0,
                        5883
                    ]
                },
                {
                    "NName": "GreenSmoke",
                    "PPos": [
                        9032,
                        0,
                        5910
                    ]
                },
                {
                    "NName": "GreenSmoke",
                    "PPos": [
                        9129,
                        0,
                        5893
                    ]
                },
                {
                    "NName": "GreenSmoke",
                    "PPos": [
                        9203,
                        0,
                        5952
                    ]
                },
                {
                    "NName": "GreenSmoke",
                    "PPos": [
                        9110,
                        0,
                        5981
                    ]
                },
				{
                    "NName": "GreenSmoke",
                    "PPos": [
                        8988,
                        0,
                        5979
                    ]
                },
				{
                    "NName": "GreenSmoke",
                    "PPos": [
                        8882,
                        0,
                        5988
                    ]
                },
				{
                    "NName": "GreenSmoke",
                    "PPos": [
                        8944,
                        0,
                        6071
                    ]
                },
				{
                    "NName": "GreenSmoke",
                    "PPos": [
                        8821,
                        0,
                        6061
                    ]
                },
				{
                    "NName": "GreenSmoke",
                    "PPos": [
                        8720,
                        0,
                        6037
                    ]
                },
                {
                    "NName": "GreenSmoke",
                    "PPos": [
                        8861,
                        0,
                        5922
                    ]
                }
            ],
            "CreatureList": [
                {
                    "CreatureName": "Animal_CanisLupus_Grey",
                    "Max": 7
                },
                {
                    "CreatureName": "Animal_UrsusArctos",
                    "Max": 1
                }
            ]
        },
		{
            "ToxicZoneStatut": "Toxic Area Pauls View Military",
            "ContainerName": "ToxicCase",
            "X": 8810,
            "Y": 3785,
            "Radius": 100,
			"X1": -1,
            "Y1": -1,
            "X2": -1,
            "Y2": -1,
            "NumbCratePerTime": 1,
            "MaxLoot": 8,
            "IsSquareZone": 0,
            "IsLootActive": 1,
            "IsOnlyGasMask": 1,
            "ToxicCratePosition": [
                {
                    "Name": "Army2",
                    "POS": [
                        8794.55,
                        50.0472,
                        3707.43
                    ],
                    "ORI": [
                        0,
                        0,
                        0
                    ]
                },
                {
                    "Name": "Army2",
                    "POS": [
                        8785.49,
                        45.717,
                        3789.75
                    ],
                    "ORI": [
                        -170,
                        0,
                        0
                    ]
                },
                {
                    "Name": "Army2",
                    "POS": [
                        8836.16,
                        57.7699,
                        3793.25
                    ],
                    "ORI": [
                        0,
                        0,
                        0
                    ]
                },
                {
                    "Name": "Army2",
                    "POS": [
                        8842.99,
                        54.126,
                        3841.94
                    ],
                    "ORI": [
                        -90,
                        0,
                        0
                    ]
                },
                {
                    "Name": "Army2",
                    "POS": [
                        8872.35,
                        50.502,
                        3850.75
                    ],
                    "ORI": [
                        10,
                        0,
                        0
                    ]
                },
                {
                    "Name": "Army2",
                    "POS": [
                        8879.54,
                        45.7546,
                        3758.42
                    ],
                    "ORI": [
                        -80,
                        0,
                        0
                    ]
                },
                {
                    "Name": "Army2",
                    "POS": [
                        8912.77,
                        45.778,
                        3804.18
                    ],
                    "ORI": [
                        -85,
                        0,
                        0
                    ]
                }
            ],
            "ParticlesPosition": [
                {
                    "NName": "GreenSmoke",
                    "PPos": [
                        8778,
                        0,
                        3760
                    ]
                },
                {
                    "NName": "GreenSmoke",
                    "PPos": [
                        8806,
                        0,
                        3778
                    ]
                },
                {
                    "NName": "GreenSmoke",
                    "PPos": [
                        8835,
                        0,
                        3805
                    ]
                },
                {
                    "NName": "GreenSmoke",
                    "PPos": [
                        8891,
                        0,
                        3794
                    ]
                },
                {
                    "NName": "GreenSmoke",
                    "PPos": [
                        8856,
                        0,
                        3747
                    ]
                },
                {
                    "NName": "GreenSmoke",
                    "PPos": [
                        8815,
                        0,
                        3727
                    ]
                },
                {
                    "NName": "GreenSmoke",
                    "PPos": [
                        8760,
                        0,
                        3720
                    ]
                },
                {
                    "NName": "GreenSmoke",
                    "PPos": [
                        8741,
                        0,
                        3760
                    ]
                },
                {
                    "NName": "GreenSmoke",
                    "PPos": [
                        8764,
                        0,
                        3810
                    ]
                },
                {
                    "NName": "GreenSmoke",
                    "PPos": [
                        8816,
                        0,
                        3842
                    ]
                },
                {
                    "NName": "GreenSmoke",
                    "PPos": [
                        8897,
                        0,
                        3839
                    ]
                }
            ],
            "CreatureList": [
                {
                    "CreatureName": "Animal_CanisLupus_Grey",
                    "Max": 7
                },
                {
                    "CreatureName": "Animal_UrsusArctos",
                    "Max": 1
                }
            ]
        },
        {
            "ToxicZoneStatut": "Toxic Area Paris Island Military",
            "ContainerName": "ToxicCase",
            "X": 2776,
            "Y": 3769,
            "Radius": 600,
			"X1": -1,
            "Y1": -1,
            "X2": -1,
            "Y2": -1,
            "NumbCratePerTime": 1,
            "MaxLoot": 8,
            "IsSquareZone": 0,
            "IsLootActive": 1,
            "IsOnlyGasMask": 1,
            "ToxicCratePosition": [
                {
                    "Name": "Army1",
                    "POS": [
                        2828.35,
                        25.0488,
                        3598.68
                    ],
                    "ORI": [
                        0,
                        0,
                        0
                    ]
                },
                {
                    "Name": "Army1",
                    "POS": [
                        2660.49,
                        22.4625,
                        3605.95
                    ],
                    "ORI": [
                        0,
                        0,
                        0
                    ]
                },
                {
                    "Name": "Army1",
                    "POS": [
                        2888.47,
                        22.2445,
                        3722.95
                    ],
                    "ORI": [
                        0,
                        0,
                        0
                    ]
                },
                {
                    "Name": "Army1",
                    "POS": [
                        2863.07,
                        22.625,
                        3920.18
                    ],
                    "ORI": [
                        0,
                        0,
                        0
                    ]
                },
                {
                    "Name": "Army1",
                    "POS": [
                        3036.05,
                        22.8038,
                        3870.38
                    ],
                    "ORI": [
                        0,
                        0,
                        0
                    ]
                },
                {
                    "Name": "Army1",
                    "POS": [
                        3109.53,
                        22.4625,
                        4080.96
                    ],
                    "ORI": [
                        0,
                        0,
                        0
                    ]
                },
                {
                    "Name": "Army1",
                    "POS": [
                        3205.86,
                        22.4127,
                        4140.69
                    ],
                    "ORI": [
                        0,
                        0,
                        0
                    ]
                },
                {
                    "Name": "Army1",
                    "POS": [
                        3124.37,
                        22.4625,
                        4159.65
                    ],
                    "ORI": [
                        0,
                        0,
                        0
                    ]
                },
                {
                    "Name": "Army1",
                    "POS": [
                        3011.2,
                        22.4625,
                        4122.43
                    ],
                    "ORI": [
                        0,
                        0,
                        0
                    ]
                }
            ],
            "ParticlesPosition": [
                {
                    "NName": "GreenSmoke",
                    "PPos": [
                        2796,
                        0,
                        3803
                    ]
                },
                {
                    "NName": "GreenSmoke",
                    "PPos": [
                        2641,
                        0,
                        3487
                    ]
                },
                {
                    "NName": "GreenSmoke",
                    "PPos": [
                        2680,
                        0,
                        3681
                    ]
                },
                {
                    "NName": "GreenSmoke",
                    "PPos": [
                        2698,
                        0,
                        3556
                    ]
                },
                {
                    "NName": "GreenSmoke",
                    "PPos": [
                        2788,
                        0,
                        3613
                    ]
                },
                {
                    "NName": "GreenSmoke",
                    "PPos": [
                        2857,
                        0,
                        3697
                    ]
                },
                {
                    "NName": "GreenSmoke",
                    "PPos": [
                        2923,
                        0,
                        3806
                    ]
                },
                {
                    "NName": "GreenSmoke",
                    "PPos": [
                        2979,
                        0,
                        3950
                    ]
                },
                {
                    "NName": "GreenSmoke",
                    "PPos": [
                        2578,
                        0,
                        3581
                    ]
                },
                {
                    "NName": "GreenSmoke",
                    "PPos": [
                        2528,
                        0,
                        3405
                    ]
                },
                {
                    "NName": "GreenSmoke",
                    "PPos": [
                        2762,
                        0,
                        3465
                    ]
                },
                {
                    "NName": "GreenSmoke",
                    "PPos": [
                        2920,
                        0,
                        3583
                    ]
                },
                {
                    "NName": "GreenSmoke",
                    "PPos": [
                        2992,
                        0,
                        3717
                    ]
                },
                {
                    "NName": "GreenSmoke",
                    "PPos": [
                        3030,
                        0,
                        3835
                    ]
                },
                {
                    "NName": "GreenSmoke",
                    "PPos": [
                        3072,
                        0,
                        4147
                    ]
                },
                {
                    "NName": "GreenSmoke",
                    "PPos": [
                        3076,
                        0,
                        3959
                    ]
                },
                {
                    "NName": "GreenSmoke",
                    "PPos": [
                        3114,
                        0,
                        4071
                    ]
                },
                {
                    "NName": "GreenSmoke",
                    "PPos": [
                        3156,
                        0,
                        4202
                    ]
                },
                {
                    "NName": "GreenSmoke",
                    "PPos": [
                        3066,
                        0,
                        4284
                    ]
                },
                {
                    "NName": "GreenSmoke",
                    "PPos": [
                        2982,
                        0,
                        4198
                    ]
                },
                {
                    "NName": "GreenSmoke",
                    "PPos": [
                        2948,
                        0,
                        4067
                    ]
                },
                {
                    "NName": "GreenSmoke",
                    "PPos": [
                        2882,
                        0,
                        3927
                    ]
                },
                {
                    "NName": "GreenSmoke",
                    "PPos": [
                        2740,
                        0,
                        3995
                    ]
                },
                {
                    "NName": "GreenSmoke",
                    "PPos": [
                        2748,
                        0,
                        4176
                    ]
                },
                {
                    "NName": "GreenSmoke",
                    "PPos": [
                        3570,
                        0,
                        3623
                    ]
                }
            ],
            "CreatureList": [
                {
                    "CreatureName": "Animal_CanisLupus_Grey",
                    "Max": 7
                },
                {
                    "CreatureName": "Animal_UrsusArctos",
                    "Max": 1
                }
            ]
        }
    ],
    "DynToxicAreaLocation": [
        {
            "DynToxicZoneStatut": "GreenvilleToFishersCamp",
            "StartX": 4360,
            "StartY": 1585,
            "EndX": 10520,
            "EndY": 5451,
            "Radius": 150,
            "Coeff": 0.67597,
            "YtoOrigin": -1151.32,
			"Chance": 0.5,
            "Speed": 30,
            "norme": 6379,
            "IsOnlyGasMask": 1,
            "ParticleName": "GreenSmokeLong"
        },
		{
            "DynToxicZoneStatut": "WestbrookNToMountainvilleN",
            "StartX": 3152,
            "StartY": 6970,
            "EndX": 7837,
            "EndY": 9736,
            "Radius": 150,
            "Coeff": 0.590395,
            "YtoOrigin": 5109.08,
			"Chance": 0.5,
            "Speed": 30,
            "norme": 6379,
            "IsOnlyGasMask": 1,
            "ParticleName": "GreenSmokeLong"
        }
    ],
    "AdminUID": [
        "76561198159295503"
    ]
}