{
    "IsMsgActive": 1,
    "IsDynZoneActive": 1,
    "IsToxicZoneActive": 1,
    "MsgEnterZone": "YOU ARE IN A TOXIC AREA!",
    "MsgExitZone": "YOU LEFT THE TOXIC AREA!",
    "CheckNBC": 45000,
    "CheckDynNBC": 60000,
    "ToxicBloodLoss": 5,
    "NbSickGiven": 34,
    "SuitsDamage": 20,
    "GP5DamageGrenade": 10,
    "NbSickGivenforToxicSmoke": 51,
	"IsCharcoalTabNeeded": 1,
    "ToxicAreaLocation": [
        {
            "ToxicZoneStatut": "TZBorek",
            "ContainerName": "ToxicCase",
            "X": 9864,
            "Y": 8478,
            "Radius": 225,
            "X1": -1,
            "Y1": -1,
            "X2": -1,
            "Y2": -1,
            "NumbCratePerTime": 1,
            "MaxLoot": 8,
            "IsSquareZone": 0,
            "IsLootActive": 1,
            "IsOnlyGasMask": 0,
            "ToxicCratePosition": [
                {
                    "Name": "Army1",
                    "POS": [
                        9864,
                        209.764,
                        8478
                    ],
                    "ORI": [
                        -90,
                        0,
                        0
                    ]
                }
            ],
            "ParticlesPosition": [
                {
                    "NName": "MustardSmoke",
                    "PPos": [
                        9864,
                        208,
                        8478
                    ]
                },
                {
                    "NName": "MustardSmoke",
                    "PPos": [
                        9928.87,
                        208.87,
                        8480.47
                    ]
                },
                {
                    "NName": "MustardSmoke",
                    "PPos": [
                        10000.5,
                        209.07,
                        8484.94
                    ]
                },
                {
                    "NName": "MustardSmoke",
                    "PPos": [
                        9956.81,
                        204.96,
                        8527
                    ]
                },
                {
                    "NName": "MustardSmoke",
                    "PPos": [
                        9982.74,
                        204.68,
                        8554.86
                    ]
                },
                {
                    "NName": "MustardSmoke",
                    "PPos": [
                        9872.54,
                        208.56,
                        8567.45
                    ]
                },
                {
                    "NName": "MustardSmoke",
                    "PPos": [
                        9821.14,
                        208.56,
                        8556.69
                    ]
                },
                {
                    "NName": "MustardSmoke",
                    "PPos": [
                        9827.96,
                        208.58,
                        8504.87
                    ]
                },
                {
                    "NName": "MustardSmoke",
                    "PPos": [
                        9778.97,
                        207.90,
                        8527.93
                    ]
                },
                {
                    "NName": "MustardSmoke",
                    "PPos": [
                        9779.96,
                        209.66,
                        8484.42
                    ]
                },
                {
                    "NName": "MustardSmoke",
                    "PPos": [
                        9803.19,
                        211.15,
                        8438.75
                    ]
                },
                {
                    "NName": "MustardSmoke",
                    "PPos": [
                        9863,
                        213.12,
                        8531
                    ]
                },
                {
                    "NName": "MustardSmoke",
                    "PPos": [
                        9876.96,
                        209.50,
                        8436.14
                    ]
                },
                {
                    "NName": "MustardSmoke",
                    "PPos": [
                        9889.13,
                        209.27,
                        8428.17
                    ]
                },
                {
                    "NName": "MustardSmoke",
                    "PPos": [
                        9742,
                        207.79,
                        8512.48
                    ]
                },
                {
                    "NName": "MustardSmoke",
                    "PPos": [
                        9973.75,
                        208.18,
                        8445.39
                    ]
                },
                {
                    "NName": "MustardSmoke",
                    "PPos": [
                        9954.9,
                        206.21,
                        8593.98
                    ]
                },
                {
                    "NName": "MustardSmoke",
                    "PPos": [
                        9911.34,
                        208.56,
                        8570.36
                    ]
                }
            ],
            "CreatureList": [
                {
                    "CreatureName": "Animal_CanisLupus_Grey",
                    "Max": 7
                },
                {
                    "CreatureName": "Animal_UrsusArctos",
                    "Max": 1
                }
            ]
        },
        {
            "ToxicZoneStatut": "TZLemborkMilitary",
            "ContainerName": "ToxicCase",
            "X": -1,
            "Y": -1,
            "Radius": 300,
            "X1": 8876,
            "Y1": 6486,
            "X2": 9142,
            "Y2": 6725,
            "NumbCratePerTime": 1,
            "MaxLoot": 8,
            "IsSquareZone": 1,
            "IsLootActive": 1,
            "IsOnlyGasMask": 0,
            "ToxicCratePosition": [
                {
                    "Name": "Army2",
                    "POS": [
                        8990.18,
                        303.73,
                        6611.17
                    ],
                    "ORI": [
                        -120,
                        0,
                        0
                    ]
                }
            ],
            "ParticlesPosition": [
                {
                    "NName": "GreySmoke",
                    "PPos": [
                        9019.67,
                        297.82,
                        6559.15
                    ]
                },
                {
                    "NName": "GreySmoke",
                    "PPos": [
                        9022.85,
                        299.69,
                        6650.1
                    ]
                },
                {
                    "NName": "GreySmoke",
                    "PPos": [
                        8932.19,
                        308.60,
                        6571.05
                    ]
                },
                {
                    "NName": "GreySmoke",
                    "PPos": [
                        8914.41,
                        310.84,
                        6637.67
                    ]
                },
                {
                    "NName": "GreySmoke",
                    "PPos": [
                        9077.22,
                        299.73,
                        6672.09
                    ]
                },
                {
                    "NName": "GreySmoke",
                    "PPos": [
                        8984.86,
                        303.81,
                        6638.42
                    ]
                },
                {
                    "NName": "GreySmoke",
                    "PPos": [
                        9119.91,
                        299.71,
                        6637.32
                    ]
                },
                {
                    "NName": "GreySmoke",
                    "PPos": [
                        9101.81,
                        2296.11,
                        6562.71
                    ]
                }
            ],
            "CreatureList": [
                {
                    "CreatureName": "Animal_CanisLupus_Grey",
                    "Max": 7
                },
                {
                    "CreatureName": "Animal_UrsusArctos",
                    "Max": 1
                }
            ]
        }
    ],
    "DynToxicAreaLocation": [
        {
            "DynToxicZoneStatut": "TopolinToGrabin",
            "StartX": 573,
            "StartY": 6051,
            "EndX": 12131,
            "EndY": 9764,
            "Radius": 150,
            "Coeff": 0.32,
            "YtoOrigin": 5867.64,
			"Chance": 0.33,
            "Speed": 45,
            "norme": 12139,
            "IsOnlyGasMask": 1,
            "ParticleName": "GreenSmokeLong"
        }
    ],
    "AdminUID": [
        "76561198047475641"
    ]
}