{
    "IsMsgActive": 1,
    "IsDynZoneActive": 1,
    "IsToxicZoneActive": 1,
    "MsgEnterZone": "YOU ARE IN A TOXIC AREA!",
    "MsgExitZone": "YOU LEFT THE TOXIC AREA!",
    "CheckNBC": 30000,
    "CheckDynNBC": 40000,
    "ToxicBloodLoss": 5,
    "NbSickGiven": 34,
    "SuitsDamage": 20,
    "GP5DamageGrenade": 10,
    "NbSickGivenforToxicSmoke": 51,
	"IsCharcoalTabNeeded": 1,
    "ToxicAreaLocation": [
        {
            "ToxicZoneStatut": "Toxic Area Military",
            "ContainerName": "ToxicCase",
            "X": 3057,
            "Y": 1703,
            "Radius": 200,
            "X1": -1,
            "Y1": -1,
            "X2": -1,
            "Y2": -1,
            "NumbCratePerTime": 1,
            "MaxLoot": 8,
            "IsSquareZone": 0,
            "IsLootActive": 1,
            "IsOnlyGasMask": 1,
            "ToxicCratePosition": [
                {
                    "Name": "Army1",
                    "POS": [
                        3061.51,
                        25.6089,
                        1704.5
                    ],
                    "ORI": [
                        0,
                        0,
                        0
                    ]
                },
                {
                    "Name": "Army2",
                    "POS": [
                        3093.88,
                        18.57,
                        1748.11
                    ],
                    "ORI": [
                        0,
                        0,
                        0
                    ]
                }
            ],
            "ParticlesPosition": [
                {
                    "NName": "GreenSmoke",
                    "PPos": [
                        3055,
                        0,
                        1760
                    ]
                },
                {
                    "NName": "GreenSmoke",
                    "PPos": [
                        3046,
                        0,
                        1640
                    ]
                }
            ],
            "CreatureList": [
                {
                    "CreatureName": "Animal_CanisLupus_Grey",
                    "Max": 7
                },
                {
                    "CreatureName": "Animal_UrsusArctos",
                    "Max": 1
                }
            ]
        },
        {
            "ToxicZoneStatut": "Toxic Area UG Military",
            "ContainerName": "ToxicCase",
            "X": 268,
            "Y": 7471,
            "Radius": 100,
            "X1": -1,
            "Y1": -1,
            "X2": -1,
            "Y2": -1,
            "NumbCratePerTime": 1,
            "MaxLoot": 8,
            "IsSquareZone": 0,
            "IsLootActive": 1,
            "IsOnlyGasMask": 1,
            "ToxicCratePosition": [
                {
                    "Name": "Army1",
                    "POS": [
                        266.488,
                        370.595,
                        7483.49
                    ],
                    "ORI": [
                        90,
                        0,
                        0
                    ]
                }
            ],
            "ParticlesPosition": [
                {
                    "NName": "GreenSmoke",
                    "PPos": [
                        268,
                        368,
                        7471
                    ]
                },
				{
                    "NName": "GreenSmoke",
                    "PPos": [
                        212,
                        368,
                        7513
                    ]
                },
				{
                    "NName": "GreenSmoke",
                    "PPos": [
                        289,
                        368,
                        7510
                    ]
                },
				{
                    "NName": "GreenSmoke",
                    "PPos": [
                        331,
                        368,
                        7455
                    ]
                },
				{
                    "NName": "GreenSmoke",
                    "PPos": [
                        331,
                        368,
                        7386
                    ]
                },
				{
                    "NName": "GreenSmoke",
                    "PPos": [
                        266,
                        368,
                        7379
                    ]
                },
				{
                    "NName": "GreenSmoke",
                    "PPos": [
                        275,
                        368,
                        7425
                    ]
                },
				{
                    "NName": "GreenSmoke",
                    "PPos": [
                        220,
                        368,
                        7418
                    ]
                },
				{
                    "NName": "GreenSmoke",
                    "PPos": [
                        214,
                        368,
                        7465
                    ]
                }
            ],
            "CreatureList": [
                {
                    "CreatureName": "Animal_CanisLupus_Grey",
                    "Max": 7
                },
                {
                    "CreatureName": "Animal_UrsusArctos",
                    "Max": 1
                }
            ]
        },
		{
            "ToxicZoneStatut": "Toxic Area Military Bunker",
            "ContainerName": "ToxicCase",
            "X": 732,
            "Y": 3014,
            "Radius": 100,
            "X1": -1,
            "Y1": -1,
            "X2": -1,
            "Y2": -1,
            "NumbCratePerTime": 1,
            "MaxLoot": 8,
            "IsSquareZone": 0,
            "IsLootActive": 1,
            "IsOnlyGasMask": 1,
            "ToxicCratePosition": [
                {
                    "Name": "Army2",
                    "POS": [
                        668.232,
                        2.1169,
                        2890.03
                    ],
                    "ORI": [
                        0,
                        0,
                        0
                    ]
                }
            ],
            "ParticlesPosition": [
                {
                    "NName": "GreenSmoke",
                    "PPos": [
                        707.245,
                        72.4459,
                        3046.42
                    ]
                }
            ],
            "CreatureList": [
                {
                    "CreatureName": "Animal_CanisLupus_Grey",
                    "Max": 7
                },
                {
                    "CreatureName": "Animal_UrsusArctos",
                    "Max": 1
                }
            ]
        },
		{
            "ToxicZoneStatut": "Toxic Area Military Island",
            "ContainerName": "ToxicCase",
            "X": 8895,
            "Y": 4853,
            "Radius": 300,
            "X1": -1,
            "Y1": -1,
            "X2": -1,
            "Y2": -1,
            "NumbCratePerTime": 1,
            "MaxLoot": 8,
            "IsSquareZone": 0,
            "IsLootActive": 1,
            "IsOnlyGasMask": 1,
            "ToxicCratePosition": [
                {
                    "Name": "Army1",
                    "POS": [
                        8824.48,
                        16.6636,
                        4755.96
                    ],
                    "ORI": [
                        0,
                        0,
                        0
                    ]
                }
            ],
            "ParticlesPosition": [
                {
                    "NName": "GreenSmoke",
                    "PPos": [
                        8824,
                        0,
                        4755
                    ]
                },
                {
                    "NName": "GreenSmoke",
                    "PPos": [
                        8945,
                        0,
                        4839
                    ]
                },
                {
                    "NName": "GreenSmoke",
                    "PPos": [
                        8853,
                        0,
                        4889
                    ]
                },
				{
                    "NName": "GreenSmoke",
                    "PPos": [
                        8900,
                        0,
                        5046
                    ]
                },
				{
                    "NName": "GreenSmoke",
                    "PPos": [
                        8967,
                        0,
                        4929
                    ]
                }
            ],
            "CreatureList": [
                {
                    "CreatureName": "Animal_CanisLupus_Grey",
                    "Max": 7
                },
                {
                    "CreatureName": "Animal_UrsusArctos",
                    "Max": 1
                }
            ]
        },
		{
            "ToxicZoneStatut": "Toxic Area Military Base",
            "ContainerName": "ToxicCase",
            "X": 7070,
            "Y": 3512,
            "Radius": 300,
            "X1": -1,
            "Y1": -1,
            "X2": -1,
            "Y2": -1,
            "NumbCratePerTime": 1,
            "MaxLoot": 8,
            "IsSquareZone": 0,
            "IsLootActive": 1,
            "IsOnlyGasMask": 1,
            "ToxicCratePosition": [
                {
                    "Name": "Army2",
                    "POS": [
                        7070.11,
                        21.159,
                        3512.31
                    ],
                    "ORI": [
                        0,
                        0,
                        0
                    ]
                }
            ],
            "ParticlesPosition": [
                {
                    "NName": "GreenSmoke",
                    "PPos": [
                        7180,
                        0,
                        3529
                    ]
                },
                {
                    "NName": "GreenSmoke",
                    "PPos": [
                        7076,
                        0,
                        3488
                    ]
                },
                {
                    "NName": "GreenSmoke",
                    "PPos": [
                        6991,
                        0,
                        3529
                    ]
                },
				{
                    "NName": "GreenSmoke",
                    "PPos": [
                        6902,
                        0,
                        3563
                    ]
                }
            ],
            "CreatureList": [
                {
                    "CreatureName": "Animal_CanisLupus_Grey",
                    "Max": 7
                },
                {
                    "CreatureName": "Animal_UrsusArctos",
                    "Max": 1
                }
            ]
        },
		{
            "ToxicZoneStatut": "Toxic Area Military Camp",
            "ContainerName": "ToxicCase",
            "X": 2426,
            "Y": 7233,
            "Radius": 150,
            "X1": -1,
            "Y1": -1,
            "X2": -1,
            "Y2": -1,
            "NumbCratePerTime": 1,
            "MaxLoot": 8,
            "IsSquareZone": 0,
            "IsLootActive": 1,
            "IsOnlyGasMask": 1,
            "ToxicCratePosition": [
                {
                    "Name": "DC1-Camp",
                    "POS": [
                        2403.67,
                        33.9543,
                        7197.47
                    ],
                    "ORI": [
                        90,
                        0,
                        0
                    ]
                }
            ],
            "ParticlesPosition": [
                {
                    "NName": "GreenSmoke",
                    "PPos": [
                        2392,
                        0,
                        7267
                    ]
                },
                {
                    "NName": "GreenSmoke",
                    "PPos": [
                        2467,
                        0,
                        7268
                    ]
                },
                {
                    "NName": "GreenSmoke",
                    "PPos": [
                        2469,
                        0,
                        7196
                    ]
                },
				{
                    "NName": "GreenSmoke",
                    "PPos": [
                        2390,
                        0,
                        7196
                    ]
                }
            ],
            "CreatureList": [
                {
                    "CreatureName": "Animal_CanisLupus_Grey",
                    "Max": 7
                },
                {
                    "CreatureName": "Animal_UrsusArctos",
                    "Max": 1
                }
            ]
        }
    ],
    "DynToxicAreaLocation": [
        {
            "DynToxicZoneStatut": "PinswangtoGollenhausen",
            "StartX": 700,
            "StartY": 2000,
            "EndX": 9850,
            "EndY": 9580,
            "Radius": 150,
            "Coeff": 0.82,
            "YtoOrigin": 1420,
			"Chance": 0.5,
            "Speed": 30,
            "norme": 11881,
            "IsOnlyGasMask": 1,
            "ParticleName": "GreenSmokeLong"
        },
		{
            "DynToxicZoneStatut": "NorthCentralForestArea",
            "StartX": 1300,
            "StartY": 6800,
            "EndX": 5800,
            "EndY": 10200,
            "Radius": 150,
            "Coeff": 0.75,
            "YtoOrigin": 5817,
			"Chance": 0.5,
            "Speed": 30,
            "norme": 5640,
            "IsOnlyGasMask": 1,
            "ParticleName": "GreenSmokeLong"
        }
    ],
    "AdminUID": [
        "76561198159295503"
    ]
}