[
    {
        "m_groupName": "Admins",
        "m_permissionLevel": 1,
        "m_GroupMembers": [
            {
                "m_UserName": "Example User",
                "m_Steam64ID": "26561198420222028",
                "m_SessionId": 0
            }
        ],
        "m_Permissions": [
            "DeleteObjectAtCrosshair",
            "TeleportToCrosshair",
            "FreeCamera",
            "RepairVehiclesAtCrosshair",
            "MenuItemManager",
            "MenuItemManager:SpawnItem",
            "MenuItemManager:EditPreset",
            "MenuItemManager:SpawnPreset",
            "MenuItemManager:DeletePreset",
            "MenuItemManager:AddPreset",
            "MenuServerManager",
            "ServerManager:RestartServer",
            "ServerManager:LockServer",
            "ServerManager:KickAllPlayers",
            "ServerManager:LoadScripts",
            "MenuWeatherManager",
            "WeatherManager:ApplyWeather",
            "WeatherManager:ApplyTime",
            "WeatherManager:SavePreset",
            "WeatherManager:DeletePreset",
            "WeatherManager:ApplyPreset",
            "WeatherManager:ApplyTimePreset",
            "WeatherManager:SaveTimePreset",
            "WeatherManager:DeleteTimePreset",
            "MenuObjectManager",
            "MenuObjectManager:CreateNewSet",
            "MenuObjectManager:UpdateSet",
            "MenuObjectManager:DeleteSet",
            "MenuObjectManager:EditSet",
            "MenuPermissionsEditor",
            "PermissionsEditor:RemoveUser",
            "PermissionsEditor:AddUser",
            "PermissionsEditor:CreateUserGroup",
            "PermissionsEditor:DeleteUserGroup",
            "PermissionsEditor:ChangePermLevel",
            "MenuPlayerManager",
            "PlayerManager:GiveGodmode",
            "PlayerManager:BanPlayer",
            "PlayerManager:KickPlayer",
            "PlayerManager:HealPlayers",
            "PlayerManager:SetPlayerStats",
            "PlayerManager:KillPlayers",
            "PlayerManager:GodMode",
            "PlayerManager:SpectatePlayer",
            "PlayerManager:TeleportToPlayer",
            "PlayerManager:TeleportPlayerTo",
            "PlayerManager:SetPlayerInvisible",
            "PlayerManager:SendMessage",
            "PlayerManager:GiveUnlimitedAmmo",
            "PlayerManager:MakePlayerVomit",
            "PlayerManager:FreezePlayers",
            "MenuBansManager",
            "BansManager:UnbanPlayer",
            "BansManager:UpdateBanDuration",
            "BansManager:UpdateBanReason",
            "MenuWebHooks",
            "MenuWebHooks:Create",
            "MenuWebHooks:Edit",
            "MenuWebHooks:Delete",
            "MenuTeleportManager",
            "TeleportManager:ViewPlayerPositions",
            "TeleportManager:TPPlayers",
            "TeleportManager:TPSelf",
            "TeleportManager:DeletePreset",
            "TeleportManager:AddNewPreset",
            "TeleportManager:EditPreset",
            "EspToolsMenu",
            "EspToolsMenu:DeleteObjects",
            "EspToolsMenu:PlayerESP",
            "MenuXMLEditor",
            "MenuCommandsConsole",
            "Chat:StripPlayer",
            "Chat:KillPlayer",
            "Chat:HealPlayer",
            "Chat:BringPlayer",
            "Chat:ReturnPlayer",
            "Chat:GotoPlayer",
            "Chat:UnbanPlayer",
            "Chat:TeleportToTown",
            "Chat:TeleportToPoint",
            "Chat:GiveAmmo",
            "Chat:SpawnInventory",
            "Chat:SpawnOnGround",
            "Chat:SpawnInHands",
            "Chat:SpawnCar",
            "Chat:refuelCar"
        ],
        "m_ForceSavedName": 0
    }
]