{
    "m_TeleportLocations": [
        {
            "m_Name": "Severograd",
            "m_Position": [
                8428.0,
                0.0,
                12767.099609375
            ]
        },
        {
            "m_Name": "Krasnostav",
            "m_Position": [
                11172.0,
                0.0,
                12314.099609375
            ]
        },
        {
            "m_Name": "Mogilevka",
            "m_Position": [
                7537.7998046875,
                0.0,
                5211.5498046875
            ]
        },
        {
            "m_Name": "Stary",
            "m_Position": [
                6046.93994140625,
                0.0,
                7733.97021484375
            ]
        },
        {
            "m_Name": "Msta",
            "m_Position": [
                11322.5498046875,
                0.0,
                5463.35986328125
            ]
        },
        {
            "m_Name": "Vybor",
            "m_Position": [
                3784.159912109375,
                0.0,
                8923.48046875
            ]
        },
        {
            "m_Name": "Gorka",
            "m_Position": [
                9514.26953125,
                0.0,
                8863.6904296875
            ]
        },
        {
            "m_Name": "Solnichni",
            "m_Position": [
                13402.5703125,
                0.0,
                6303.35009765625
            ]
        },
        {
            "m_Name": "NWAF",
            "m_Position": [
                4823.43017578125,
                0.0,
                10457.16015625
            ]
        },
        {
            "m_Name": "Blota",
            "m_Position": [
                4467.60986328125,
                0.0,
                2496.139892578125
            ]
        },
        {
            "m_Name": "NEAF",
            "m_Position": [
                11921.4296875,
                0.0,
                12525.5498046875
            ]
        },
        {
            "m_Name": "Cherno",
            "m_Position": [
                6649.22021484375,
                0.0,
                2710.030029296875
            ]
        },
        {
            "m_Name": "Elektro",
            "m_Position": [
                10553.5498046875,
                0.0,
                2313.3701171875
            ]
        },
        {
            "m_Name": "Berez",
            "m_Position": [
                12319.5400390625,
                0.0,
                9530.150390625
            ]
        },
        {
            "m_Name": "Svetlojarsk",
            "m_Position": [
                13900.8203125,
                0.0,
                13258.1201171875
            ]
        },
        {
            "m_Name": "Zelenogorsk",
            "m_Position": [
                2572.800048828125,
                0.0,
                5105.08984375
            ]
        },
        {
            "m_Name": "Lopatino",
            "m_Position": [
                2714.739990234375,
                0.0,
                9996.330078125
            ]
        },
        {
            "m_Name": "Tisy",
            "m_Position": [
                1723.0999755859376,
                0.0,
                13983.8798828125
            ]
        },
        {
            "m_Name": "Novaya",
            "m_Position": [
                3395.280029296875,
                0.0,
                13013.6103515625
            ]
        },
        {
            "m_Name": "Novy",
            "m_Position": [
                7085.72998046875,
                0.0,
                7720.85009765625
            ]
        },
        {
            "m_Name": "Grishino",
            "m_Position": [
                5952.14990234375,
                0.0,
                10367.7099609375
            ]
        },
        {
            "m_Name": "Kabanino",
            "m_Position": [
                5363.97021484375,
                0.0,
                8594.3896484375
            ]
        },
        {
            "m_Name": "ToxicZone Balota",
            "m_Position": [
                4800.0,
                0.0,
                2280.0
            ]
        },
        {
            "m_Name": "Центр",
            "m_Position": [
                5200.0,
                0.0,
                2222.0
            ]
        }
    ]
}